Előadó,Cím,Streams
The Weeknd - Blinding Lights,,5127200420
Ed Sheeran - Shape of You,,4634534735
The Weeknd - Starboy,,4192660373
The Neighbourhood - Sweater Weather,,4157652139
Lewis Capaldi - Someone You Loved,,4121089195
Harry Styles - As It Was,,4109827345
Post Malone - Sunflower,,4015958191
Drake - One Dance,,3867940565
The Kid LAROI - STAY,,3715562105
Ed Sheeran - Perfect,,3701102843
Imagine Dragons - Believer,,3640867577
Glass Animals - Heat Waves,,3573556402
Billie Eilish - lovely,,3530781298
The Chainsmokers - Closer,,3477235046
James Arthur - Say You Won't Let Go,,3452805810
Arctic Monkeys - I Wanna Be Yours,,3410515271
Lord Huron - The Night We Met,,3407874441
The Chainsmokers - Something Just Like This,,3403142955
Coldplay - Yellow,,3398665673
Vance Joy - Riptide,,3363782431
Tones And I - Dance Monkey,,3349910820
Tom Odell - Another Love,,3299944495
Post Malone - rockstar,,3275342382
Hozier - Take Me To Church,,3244152933
OneRepublic - Counting Stars,,3213622777
Billie Eilish - BIRDS OF A FEATHER,,3199779512
Ed Sheeran - Photograph,,3176499807
Shawn Mendes - Señorita,,3162911224
Lady Gaga - Die With A Smile,,3137297068
Taylor Swift - Cruel Summer,,3136631170
Harry Styles - Watermelon Sugar,,3132950554
Macklemore - Can't Hold Us,,3095571726
Dua Lipa - Don’t Start Now,,3078945359
Coldplay - Viva La Vida,,3044854433
The Weeknd - Die For You,,3024847193
The Police - Every Breath You Take,,3008561642
Juice WRLD - Lucid Dreams,,3004813996
Post Malone - Circles,,2992566626
Travis Scott - goosebumps,,2988848418
Bruno Mars - Just the Way You Are,,2983248460
Queen - Bohemian Rhapsody,,2963639365
Justin Bieber - Love Yourself,,2953805404
Ed Sheeran - Thinking out Loud,,2943726835
Lady Gaga - Shallow,,2931549564
Drake - God's Plan,,2910487510
Avicii - Wake Me Up,,2908191801
John Legend - All Of Me,,2903455074
Bruno Mars - Locked Out of Heaven,,2886467821
Imagine Dragons - Thunder,,2870270635
Bruno Mars - When I Was Your Man,,2870121219
Linkin Park - In the End,,2867658221
The Goo Goo Dolls - Iris,,2863623121
The Killers - Mr. Brightside,,2859972257
Imagine Dragons - Demons,,2851144285
Bruno Mars - That's What I Like,,2846933754
The Weeknd - The Hills,,2842435141
Eminem - Without Me,,2839835901
Billie Eilish - bad guy,,2825557493
Twenty One Pilots - Stressed Out,,2815902567
Kendrick Lamar - HUMBLE.,,2778196817
Arctic Monkeys - Do I Wanna Know?,,2773483102
J. Cole - No Role Modelz,,2731378348
DJ Snake - Let Me Love You,,2720090734
Eminem - Lose Yourself,,2717945869
Miley Cyrus - Flowers,,2702203622
Passenger - Let Her Go,,2691419751
Kendrick Lamar - All The Stars,,2690092200
French Montana - Unforgettable,,2687340750
John Legend - All of Me,,2685519206
"Tyler, The Creator - See You Again",,2670309222
Shawn Mendes - Treat You Better,,2665444088
Olivia Rodrigo - drivers license,,2659953541
Ariana Grande - 7 rings,,2657990042
SZA - Kill Bill,,2646473428
Nirvana - Smells Like Teen Spirit,,2635760255
Journey - Don't Stop Believin',,2630033357
Jung Kook - Seven,,2628829983
Sabrina Carpenter - Espresso,,2627637101
Justin Bieber - Sorry,,2622407248
Coldplay - The Scientist,,2616203281
Shawn Mendes - There's Nothing Holdin' Me Back,,2603325006
Benson Boone - Beautiful Things,,2578947272
Calvin Harris - One Kiss,,2570224184
Oasis - Wonderwall,,2554806731
Elton John - Cold Heart,,2540568641
a-ha - Take on Me,,2538662917
Olivia Rodrigo - good 4 u,,2531897740
The Weeknd - Save Your Tears,,2528473758
Arctic Monkeys - 505,,2516194266
Dream Supplier - Clean Baby Sleep White Noise (Loopable),,2513620214
Marshmello - Happier,,2506848731
Radiohead - Creep,,2499848877
Linkin Park - Numb,,2491449294
Travis Scott - SICKO MODE,,2481323359
Queen - Don't Stop Me Now,,2480755285
Major Lazer - Lean On,,2480125510
Mark Ronson - Uptown Funk,,2477750779
Guns N' Roses - Sweet Child O' Mine,,2474127974
XXXTENTACION - SAD!,,2453190546
Dua Lipa - Levitating,,2450431884
Adele - Someone Like You,,2448317400
DJ Snake - Let Me Love You,,2446999783
Dua Lipa - New Rules,,2434133006
XXXTENTACION - Jocelyn Flores,,2433473297
Maroon 5 - Payphone,,2431364291
Lil Uzi Vert - XO Tour Llif3,,2424907328
Sam Smith - Too Good At Goodbyes,,2411070617
Sam Smith - Stay With Me,,2403867797
Fleetwood Mac - Dreams,,2394207095
Michael Jackson - Billie Jean,,2386802203
Camila Cabello - Havana,,2377225900
Maroon 5 - Memories,,2373967064
Halsey - Without Me,,2368900413
Charlie Puth - We Don't Talk Anymore,,2362008016
TOTO - Africa,,2361774754
Eminem - Till I Collapse,,2352611733
Journey - Don't Stop Believin',,2352404709
One Direction - Night Changes,,2351805649
Lukas Graham - 7 Years,,2348159022
Billie Eilish - when the party's over,,2345420834
Sam Smith - I'm Not The Only One,,2329676885
Shawn Mendes - Stitches,,2329115286
Lewis Capaldi - Before You Go,,2328135456
Bad Bunny - DÁKITI,,2324305674
Foster The People - Pumped Up Kicks,,2322483192
Eminem - The Real Slim Shady,,2306513934
Adele - Easy On Me,,2302120446
Oasis - Wonderwall,,2292685883
Queen - Another One Bites The Dust,,2292375504
Manuel Turizo - La Bachata,,2290082621
Coolio - Gangsta's Paradise,,2288181739
Jung Kook - Seven,,2285910496
Jason Mraz - I'm Yours,,2281144893
Tears For Fears - Everybody Wants To Rule The World,,2280791109
Eminem - Mockingbird,,2280478974
Don Omar - Danza Kuduro,,2280332570
Alan Walker - Faded,,2273789495
J Balvin - LA CANCIÓN,,2268564053
Mike Posner - I Took A Pill In Ibiza,,2268436217
Keane - Somewhere Only We Know,,2266795312
Calvin Harris - We Found Love,,2265799987
Gotye - Somebody That I Used To Know,,2265262272
The Weeknd - Call Out My Name,,2258396403
Wiz Khalifa - See You Again,,2258313178
Roddy Ricch - The Box,,2255205978
Taylor Swift - Blank Space,,2253864986
The Weeknd - One Of The Girls,,2252896101
Doja Cat - Kiss Me More,,2250697574
Adele - Rolling in the Deep,,2250106177
Charlie Puth - Attention,,2248399842
David Guetta - I'm Good (Blue),,2245387912
Lil Nas X - INDUSTRY BABY,,2241803377
Shakira - Hips Don't Lie,,2239801746
Post Malone - Congratulations,,2238922665
Avicii - The Nights,,2238743060
The Chainsmokers - Don't Let Me Down,,2235837600
XXXTENTACION - Moonlight,,2233229306
Danny Ocean - Me Rehúso,,2224126278
Mariah Carey - All I Want for Christmas Is You,,2221952744
Maroon 5 - Maps,,2215211903
Imagine Dragons - Radioactive,,2206201205
WALK THE MOON - Shut Up and Dance,,2198353270
Arctic Monkeys - Why'd You Only Call Me When You're High?,,2189765688
Maroon 5 - Sugar,,2186404842
Creedence Clearwater Revival - Have You Ever Seen The Rain,,2184684185
Conan Gray - Heather,,2179211102
Lucenzo - Vem Dancar Kuduro,,2176828030
Post Malone - Better Now,,2175391545
Tame Impala - The Less I Know The Better,,2162522824
Coldplay - A Sky Full of Stars,,2161224935
Lauv - I Like Me Better,,2160052361
"Earth, Wind & Fire - September",,2157860949
Adele - Set Fire to the Rain,,2154734706
Teddy Swims - Lose Control,,2154021152
Maroon 5 - Payphone,,2152397745
OneRepublic - I Ain't Worried,,2151081166
BTS - Dynamite,,2150903656
Bad Bunny - Me Porto Bonito,,2148557216
Ruth B. - Dandelions,,2148391988
Travis Scott - HIGHEST IN THE ROOM,,2147773556
The Walters - I Love You So,,2145563222
Cigarettes After Sex - Apocalypse,,2134289831
Calvin Harris - This Is What You Came For,,2132599569
Sia - Chandelier,,2122469807
"Ariana Grande - thank u, next",,2122305763
Olivia Rodrigo - traitor,,2119673287
Lil Nas X - MONTERO (Call Me By Your Name),,2114292438
SAINt JHN - Roses (Imanbek Remix),,2112397013
ROSÉ - APT.,,2112264787
Jimin - Who,,2108874618
24kGoldn - Mood,,2108061317
Twenty One Pilots - Heathens,,2105707442
Twenty One Pilots - Ride,,2104811869
AC/DC - Highway to Hell,,2101285964
Christina Perri - a thousand years,,2100694200
Olivia Rodrigo - deja vu,,2095387817
David Guetta - Titanium,,2093247201
Lana Del Rey - Summertime Sadness,,2093184800
ZAYN - Dusk Till Dawn,,2092865704
Justin Bieber - Ghost,,2084135015
The Weeknd - I Feel It Coming,,2082054196
Ed Sheeran - I Don't Care,,2079917689
One Direction - Night Changes,,2079619447
Alec Benjamin - Let Me Down Slowly,,2078224748
Gorillaz - Feel Good Inc.,,2075718152
Bon Jovi - Livin' On A Prayer,,2070963249
Dean Lewis - Be Alright,,2068868914
5 Seconds of Summer - Youngblood,,2061093642
The Weeknd - Can't Feel My Face,,2058327181
Kendrick Lamar - Money Trees,,2055956628
The White Stripes - Seven Nation Army,,2055881626
Ed Sheeran - Bad Habits,,2049024000
Tate McRae - greedy,,2045267486
Sia - Cheap Thrills,,2044729010
OMI - Cheerleader (Felix Jaehn Remix),,2043228420
Måneskin - Beggin',,2040123167
XXXTENTACION - Fuck Love,,2040029671
Rihanna - Umbrella,,2033781899
Eagles - Hotel California,,2032098788
Miley Cyrus - Party In The U.S.A.,,2029443652
Drake - Passionfruit,,2027338957
Luis Fonsi - Despacito,,2026405065
AC/DC - Thunderstruck,,2024985949
Juice WRLD - All Girls Are The Same,,2023336128
benny blanco - Eastside,,2019743188
The Weeknd - Save Your Tears (Remix),,2018939863
The Weeknd - Earned It (Fifty Shades Of Grey),,2017871425
Queen - Under Pressure,,2015425557
ZAYN - I Don’t Wanna Live Forever (Fifty Shades Darker),,2012315025
Doja Cat - Woman,,2006824106
Eminem - Love The Way You Lie,,2006167088
AC/DC - Back In Black,,2005660142
Billie Eilish - everything i wanted,,1990050444
"Bizarrap - Quevedo: Bzrp Music Sessions, Vol. 52/66",,1988984192
Danny Ocean - Me Rehúso,,1988553658
Frank Ocean - Pink + White,,1985622369
Billie Eilish - ocean eyes,,1981503594
"Justin Timberlake - CAN'T STOP THE FEELING! (from DreamWorks Animation's ""TROLLS"")",,1978931850
Pitbull - Timber,,1973005902
Future - Mask Off,,1966113338
Rihanna - Love On The Brain,,1962783524
Maroon 5 - Moves Like Jagger,,1960466927
"Train - Hey, Soul Sister",,1954925514
Coldplay - Fix You,,1954785174
Ava Max - Sweet but Psycho,,1953938182
The Neighbourhood - Daddy Issues,,1953569014
MAGIC! - Rude,,1951252899
50 Cent - In Da Club,,1951029148
Ed Sheeran - Shivers,,1945459963
Harry Styles - Adore You,,1943369776
Justin Bieber - What Do You Mean?,,1942164886
Keane - Somewhere Only We Know,,1941609345
Powfu - death bed (coffee for your head),,1938941904
Harry Styles - Sign of the Times,,1938424883
Daniel Caesar - Best Part,,1937299646
Calvin Harris - Summer,,1936842993
Kings of Leon - Sex on Fire,,1935917700
Wham! - Last Christmas,,1926212398
Taylor Swift - Anti-Hero,,1925061622
Lady Gaga - Poker Face,,1923483647
Bastille - Pompeii,,1918607088
Black Eyed Peas - I Gotta Feeling,,1917513568
Backstreet Boys - I Want It That Way,,1915895123
DNCE - Cake By The Ocean,,1915877378
Ariana Grande - One Last Time,,1915340626
Taylor Swift - Lover,,1909791894
Miguel - Sure Thing,,1903479703
Bruno Mars - Talking to the Moon,,1902139298
Childish Gambino - Redbone,,1898290030
Imagine Dragons - Enemy,,1888687641
Metallica - Enter Sandman,,1888020463
Maroon 5 - She Will Be Loved,,1885985425
Tate McRae - you broke me first,,1879482113
Dream Supplier - Clean Baby Sleep White Noise (Loopable),,1873931846
The Walters - I Love You So,,1871453144
Offset - Ric Flair Drip,,1871413644
Beyoncé - Halo,,1864962502
XXXTENTACION - Everybody Dies In Their Nightmares,,1863133715
Post Malone - Wow.,,1862494843
The Script - Hall of Fame,,1862312964
Lana Del Rey - Young And Beautiful,,1860474570
Steve Lacy - Dark Red,,1858644564
Marshmello - Silence,,1857743024
FloyyMenor - Gata Only,,1854101377
Lil Tecca - Ransom,,1852283183
Bad Bunny - Tití Me Preguntó,,1851614287
Sam Smith - Unholy,,1851441053
Justin Bieber - Peaches,,1850788168
"Chappell Roan - Good Luck, Babe!",,1847358374
Luis Fonsi - Despacito,,1846600566
Pitbull - Give Me Everything,,1841850215
USHER - Yeah!,,1839207856
System Of A Down - Chop Suey!,,1838065212
Panic! At The Disco - High Hopes,,1838031834
Carly Rae Jepsen - Call Me Maybe,,1837974085
Khalid - Young Dumb & Broke,,1836859600
Milky Chance - Stolen Dance,,1831841342
Red Hot Chili Peppers - Californication,,1831431852
Katy Perry - Dark Horse,,1831043677
XXXTENTACION - Revenge,,1830735935
Taylor Swift - cardigan,,1827490723
R.E.M. - Losing My Religion,,1821867701
Nirvana - Come As You Are,,1817806355
Coldplay - Hymn for the Weekend,,1817201159
XXXTENTACION - Hope,,1814310865
ABBA - Dancing Queen,,1813902089
Trevor Daniel - Falling,,1812869865
Travis Scott - BUTTERFLY EFFECT,,1811254811
Eurythmics - Sweet Dreams (Are Made of This),,1808131957
Zara Larsson - Lush Life,,1804183377
Eminem - Godzilla,,1802744685
Rihanna - Needed Me,,1800452978
Kanye West - Heartless,,1800147271
Cardi B - I Like It,,1799945060
Dua Lipa - IDGAF,,1797416563
Rihanna - Diamonds,,1795647556
Maroon 5 - Girls Like You,,1794232336
Red Hot Chili Peppers - Under the Bridge,,1791315559
One Direction - Story of My Life,,1790557643
Clean Bandit - Rockabye,,1787656027
MUSIC LAB JPN - Cake By The Ocean,,1786988123
Sia - Unstoppable,,1784681617
Clean Bandit - Symphony,,1783533642
Bad Bunny - Ojitos Lindos,,1783235349
Creedence Clearwater Revival - Fortunate Son,,1781615426
Bruno Mars - 24K Magic,,1779447094
Ariana Grande - Into You,,1778541903
Post Malone - I Fall Apart,,1777291593
Major Lazer - Cold Water,,1776230512
Djo - End of Beginning,,1775991963
Mitski - My Love Mine All Mine,,1775449627
P!nk - Just Give Me a Reason,,1773764407
Dr. Dre - Still D.R.E.,,1770465795
Rema - Calm Down,,1769912843
Anne-Marie - 2002,,1769237858
Bruno Mars - Grenade,,1764494903
DJ Snake - Taki Taki,,1759931540
Maroon 5 - Animals,,1759238445
DaBaby - ROCKSTAR,,1757706279
Rihanna - Stay,,1756822695
Taylor Swift - Shake It Off,,1756076367
Adele - Hello,,1756070208
Kendrick Lamar - LOVE. FEAT. ZACARI.,,1754378972
Hozier - Too Sweet,,1754277831
d4vd - Romantic Homicide,,1752162538
Britney Spears - Toxic,,1751352245
Pitbull - Time of Our Lives,,1746446537
Capital Cities - Safe And Sound,,1745235894
Bryson Tiller - Don't,,1743816037
Marvin Gaye - Ain't No Mountain High Enough,,1742638055
SZA - Snooze,,1741366555
Lady Gaga - Always Remember Us This Way,,1738422709
Ellie Goulding - Love Me Like You Do,,1737803203
The Weeknd - One Of The Girls,,1736785430
Gorillaz - Feel Good Inc.,,1736285261
Lil Baby - Drip Too Hard,,1735953024
One Direction - What Makes You Beautiful,,1735198024
Farruko - Pepas,,1735187289
Chris Brown - Under The Influence,,1731208153
Outkast - Hey Ya!,,1729684354
Coldplay - Sparks,,1728700389
White Noise Baby Sleep - Clean White Noise,,1727662627
Ariana Grande - Side To Side,,1726586193
Kendrick Lamar - Not Like Us,,1725478860
Coldplay - Paradise,,1720509901
JAY-Z - Ni**as In Paris,,1713730461
"Snoop Dogg - Young, Wild & Free (feta. Bruno Mars)",,1712600072
Billie Eilish - Happier Than Ever,,1711425085
Nelly Furtado - Promiscuous,,1710073203
Evanescence - Bring Me To Life,,1709035548
Red Hot Chili Peppers - Can't Stop,,1708855318
The Beatles - Here Comes The Sun,,1708600238
Bad Bunny - Callaita,,1708456521
Rauw Alejandro - Todo De Ti,,1707049310
Beyoncé - Crazy In Love,,1704077774
J Balvin - Mi Gente,,1703891174
Lady Gaga - Bad Romance,,1699047034
Avicii - Waiting For Love,,1694485496
Zedd - The Middle,,1687486466
Ariana Grande - we can't be friends (wait for your love),,1685806138
Kesha - TiK ToK,,1685049715
Black Eyed Peas - I Gotta Feeling,,1684884381
Kanye West - Stronger,,1680953371
Katy Perry - Last Friday Night (T.G.I.F.),,1678500294
JHAYCO - No Me Conoce,,1675264787
Alessia Cara - Scars To Your Beautiful,,1674418922
Dynoro - In My Mind,,1674202848
Imagine Dragons - Bones,,1672948388
Metro Boomin - Creepin',,1671676588
Survivor - Eye of the Tiger,,1665563744
Pharrell Williams - Happy,,1664584356
Ariana Grande - positions,,1663425882
Clean Bandit - Rather Be,,1663336355
KAROL G - Tusa,,1662939927
Taylor Swift - august,,1659928995
Martin Garrix - In the Name of Love,,1657505222
Snow Patrol - Chasing Cars,,1656689573
XXXTENTACION - Look At Me!,,1656479237
Joji - Glimpse of Us,,1655413651
Noah Kahan - Stick Season,,1655194982
Sabrina Carpenter - Please Please Please,,1654973467
Khalid - Better,,1653573831
NF - Let You Down,,1653132075
Billie Eilish - WILDFLOWER,,1651045943
Gym Class Heroes - Stereo Hearts,,1648941346
d4vd - Here With Me,,1644977397
Kygo - It Ain’t Me,,1643228717
Lil Nas X - Old Town Road,,1641729944
Post Malone - Psycho,,1639085003
Calvin Harris - Outside,,1634886565
MKTO - Classic,,1634275044
Fifth Harmony - Work from Home,,1630300191
Lost Frequencies - Where Are You Now,,1628493295
David Kushner - Daylight,,1627434955
Various Artists -,,1627434955
Rihanna - Only Girl (In The World),,1618078783
ZAYN - PILLOWTALK,,1617786729
The Cranberries - Zombie,,1617279290
Dire Straits - Sultans Of Swing,,1613212071
Natasha Bedingfield - Unwritten,,1610803371
Portugal. The Man - Feel It Still,,1610549368
The Lumineers - Ho Hey,,1609730578
Maluma - Hawái,,1608150166
Rihanna - Work,,1607993273
KAROL G - PROVENZA,,1605495592
Jessie J - Bang Bang,,1604465149
Jonas Brothers - Sucker,,1601690456
Joji - SLOW DANCING IN THE DARK,,1601321987
Bruno Mars - Leave The Door Open,,1601263130
Shawn Mendes - Mercy,,1596300556
Imagine Dragons - Whatever It Takes,,1592327526
Jimin - Who,,1590630006
Queen - We Will Rock You,,1589159986
Arizona Zervas - ROXANNE,,1586857650
Lynyrd Skynyrd - Sweet Home Alabama,,1586247619
Marshmello - FRIENDS,,1585754227
A$AP Rocky - Praise The Lord (Da Shine),,1583629322
Lil Peep - Falling Down,,1583571181
Sam Smith - Dancing With A Stranger,,1579283330
The Fray - How to Save a Life,,1578501347
Bad Bunny - Yonaguni,,1578188930
"The Rolling Stones - Paint It, Black",,1573220128
Lady Gaga - Just Dance,,1571502559
Adele - When We Were Young,,1566950343
Bad Bunny - Efecto,,1566098414
Regard - Ride It,,1565222974
Daddy Yankee - Con Calma,,1564930181
The Lumineers - Ophelia,,1564864006
Taylor Swift - Style,,1561897966
Axwell /\ Ingrosso - More Than You Know,,1561301597
Surf Curse - Freaks,,1560210854
AC/DC - You Shook Me All Night Long,,1556044353
Foo Fighters - Everlong,,1555031203
Whitney Houston - I Wanna Dance with Somebody (Who Loves Me),,1553960192
Bryan Adams - Summer Of '69,,1553903753
Nickelback - How You Remind Me,,1553444726
Khalid - Location,,1551087277
Steve Lacy - Bad Habit,,1550296814
Drake - Hotline Bling,,1544347430
Cyndi Lauper - Girls Just Want to Have Fun,,1543313390
Pitbull - Give Me Everything,,1542861219
SZA - Good Days,,1541943738
Cyndi Lauper - Girls Just Wanna Have Fun,,1541311842
Lil Peep - Star Shopping,,1540305594
Sean Paul - No Lie,,1539876598
Maroon 5 - This Love,,1538380075
Guns N' Roses - Welcome To The Jungle,,1538272671
Fleetwood Mac - The Chain,,1536827716
Ed Sheeran - Castle on the Hill,,1534978954
Michael Jackson - Beat It,,1534671562
"G-Eazy - Me, Myself & I",,1530454752
Coldplay - My Universe,,1529347046
Kanye West - Flashing Lights,,1529227178
Tyga - Taste,,1529100872
Kali Uchis - telepatía,,1525912767
TV Girl - Lovers Rock,,1522448894
"gnash - i hate u, i love u",,1521156653
Bebe Rexha - Meant to Be,,1521033948
Ed Sheeran - Galway Girl,,1520647727
Beach House - Space Song,,1517714804
Ed Sheeran - Beautiful People,,1517373995
FloyyMenor - Gata Only,,1516510630
Juice WRLD - Robbery,,1515480421
Olivia Rodrigo - happier,,1509561195
girl in red - we fell in love in october,,1508745470
Taylor Swift - Don’t Blame Me,,1505830396
Metallica - Nothing Else Matters,,1505536945
Shaboozey - A Bar Song (Tipsy),,1505304333
Black Sabbath - Paranoid,,1503225857
Macklemore & Ryan Lewis - Thrift Shop,,1501800633
Macklemore & Ryan Lewis - Thrift Shop,,1501800633
J. Cole - Wet Dreamz,,1501216530
Selena Gomez - Wolves,,1501126860
Akon - Smack That,,1500440437
Major Lazer - Light It Up (Remix),,1499811848
Hotel Ugly - Shut up My Moms Calling,,1498734221
Ariana Grande - no tears left to cry,,1498470909
Ben E. King - Stand By Me,,1496424871
Internet Money - Lemonade,,1494718056
Olivia Rodrigo - vampire,,1493426655
Bad Bunny - MIA,,1493293311
KALEO - Way down We Go,,1488531506
Rihanna - S&M,,1488390937
Cardi B - WAP,,1488341781
KAROL G - Si Antes Te Hubiera Conocido,,1487617311
The Notorious B.I.G. - Hypnotize,,1486863042
Eslabon Armado - Ella Baila Sola,,1486862478
Drake - In My Feelings,,1486610808
XXXTENTACION - changes,,1486584345
George Ezra - Budapest,,1485872145
Kate Bush - Running Up That Hill (A Deal With God),,1484496418
Imagine Dragons - Natural,,1483634818
Gigi Perez - Sailor Song,,1483085812
Elton John - I'm Still Standing,,1479282525
Daniel Caesar - Get You,,1479147400
Aerosmith - Dream On,,1475461844
Red Hot Chili Peppers - Can't Stop,,1473241721
Ariana Grande - Dangerous Woman,,1472637384
J. Cole - MIDDLE CHILD,,1471006679
"Billie Eilish - What Was I Made For? [From The Motion Picture ""Barbie""]",,1468815078
Calvin Harris - How Deep Is Your Love,,1468728356
JVKE - golden hour,,1468640678
Robin Schulz - Sugar,,1466985931
Harry Styles - Falling,,1466859524
The Weeknd - Stargirl Interlude,,1466824393
Fetty Wap - Trap Queen,,1465786006
Nicki Minaj - Starships,,1464241887
Doja Cat - Paint The Town Red,,1461051484
Logic - 1-800-273-8255,,1460061378
fun. - We Are Young,,1457254071
Calum Scott - Dancing On My Own,,1455757529
GIVĒON - Heartbreak Anniversary,,1455429870
Duncan Laurence - Arcade,,1454808555
Travis Scott - FE!N,,1453983289
Ice Cube - It Was A Good Day,,1453530035
Plan B - Es un Secreto,,1453420399
Ed Sheeran - Happier,,1451665713
Rihanna - Don't Stop The Music,,1451024446
Katy Perry - Roar,,1450664492
Lil Mosey - Blueberry Faygo,,1450230743
Bad Bunny - Moscow Mule,,1450013218
Papa Roach - Last Resort,,1449808647
Feid - LUNA,,1449706588
Fall Out Boy - Centuries,,1447962817
Martin Garrix - Scared to Be Lonely,,1447831915
The Neighbourhood - Softcore,,1446509868
Frank Ocean - Thinkin Bout You,,1442334070
Amy Winehouse - Back To Black,,1441819853
Bon Jovi - You Give Love A Bad Name,,1441018844
Sabrina Carpenter - Nonsense,,1440508416
Alicia Keys - If I Ain't Got You,,1437940206
TLC - No Scrubs,,1437721215
blink-182 - All The Small Things,,1434869312
Bruno Mars - Marry You,,1433756475
Outkast - Ms. Jackson,,1433176479
Flo Rida - Low,,1431199337
Doja Cat - Streets,,1430610711
Olivia Rodrigo - favorite crime,,1428188362
ROSÉ - APT.,,1427866012
Drake - Nice For What,,1426865924
Lorde - Royals,,1425744413
Green Day - Basket Case,,1425041187
Kanye West - Gold Digger,,1423447864
Evanescence - Bring Me To Life,,1422280990
Zach Bryan - Something in the Orange,,1420497962
Gracie Abrams - That’s So True,,1418580764
Artemas - i like the way you kiss me,,1416292759
Frank Ocean - Lost,,1416107862
Selena Gomez - Lose You To Love Me,,1413628597
Djo - End of Beginning,,1413619520
The Verve - Bitter Sweet Symphony,,1413416288
Post Malone - Goodbyes,,1410719863
Katy Perry - Firework,,1408159536
Van Morrison - Brown Eyed Girl,,1406983521
Kanye West - Father Stretch My Hands Pt. 1,,1406640329
Calvin Harris - Feel So Close,,1406554660
"Chappell Roan - Good Luck, Babe!",,1405833120
Stephen Sanchez - Until I Found You,,1404129167
Coldplay - Adventure of a Lifetime,,1403958100
Jimin - Like Crazy,,1403137296
Grupo Frontera - un x100to,,1402104143
BTS - Butter,,1401661636
"Elton John - Rocket Man (I Think It's Going To Be A Long, Long Time)",,1400276589
Kendrick Lamar - DNA.,,1400272681
KISS - I Was Made For Lovin' You,,1399082991
Future - Life Is Good,,1397997279
The Chainsmokers - Paris,,1395580922
Eminem - Stan,,1391112031
Dua Lipa - Break My Heart,,1390634185
JAY-Z - Empire State Of Mind,,1387707911
Doja Cat - Need to Know,,1384633607
Rauw Alejandro - Desesperados,,1383307790
Elley Duhé - MIDDLE OF THE NIGHT,,1383140046
System Of A Down - Toxicity,,1383116644
Disclosure - Latch,,1383057292
Måneskin - I WANNA BE YOUR SLAVE,,1382436390
Taylor Swift - Look What You Made Me Do,,1382151942
blackbear - hot girl bummer,,1381511726
KAROL G - TQG,,1380882199
M83 - Midnight City,,1378538950
George Michael - Careless Whisper,,1377660479
Various Artists -,,1377058146
Maroon 5 - What Lovers Do,,1375331030
Masked Wolf - Astronaut In The Ocean,,1375134906
Loud Luxury - Body,,1374445669
Jay Wheeler - La Curiosidad,,1373001123
Hoobastank - The Reason,,1371402906
Morgan Wallen - Last Night,,1370676223
Spice Girls - Wannabe,,1370593456
The Notorious B.I.G. - Big Poppa,,1370364397
Justin Timberlake - Mirrors,,1369514040
Swedish House Mafia - Don't You Worry Child,,1369491683
Zedd - Stay,,1365396340
Florence + The Machine - Dog Days Are Over,,1364719598
DJ Khaled - I'm the One,,1364595166
Bruno Mars - It Will Rain,,1363452809
LISA - MONEY,,1362906939
The Weeknd - I Was Never There,,1360594438
Lil Uzi Vert - 20 Min,,1357494129
Gnarls Barkley - Crazy,,1355093713
Justin Bieber - Baby,,1354300599
Kodaline - All I Want,,1354271309
Joel Corry - Head & Heart,,1353706561
Justin Bieber - Intentions,,1352839666
James Bay - Let It Go,,1352745375
Coldplay - Clocks,,1352161014
Ariana Grande - Stuck with U,,1350137349
Natasha Bedingfield - Unwritten,,1349140772
Red Hot Chili Peppers - Otherside,,1348451848
Lost Frequencies - Are You With Me,,1347776225
Chris Stapleton - Tennessee Whiskey,,1347675209
Lilly Wood and The Prick - Prayer in C,,1345753246
JP Saxe - If the World Was Ending,,1343878230
Lewis Capaldi - Bruises,,1343363365
The Clash - Should I Stay or Should I Go,,1342538505
Justin Bieber - Beauty And A Beat,,1342012642
Red Hot Chili Peppers - Scar Tissue,,1341641797
Tiësto - The Business,,1340625844
Guns N' Roses - Paradise City,,1340450211
One Direction - Drag Me Down,,1340003974
The Weeknd - Reminder,,1339598576
Empire Of The Sun - Walking On A Dream,,1339541011
KAROL G - QLONA,,1338998786
Taio Cruz - Dynamite,,1335232146
DJ Khaled - Wild Thoughts,,1335165504
Rosa Linn - SNAP,,1334731207
Doja Cat - Say So,,1334686948
Jung Kook - Standing Next to You,,1331442759
Kungs - This Girl,,1329706338
Julia Michaels - Issues,,1329586537
The Outfield - Your Love,,1324678274
Tommy Richman - MILLION DOLLAR BABY,,1324599943
Meek Mill - Going Bad,,1324444527
Bee Gees - Stayin' Alive,,1323388604
U2 - With Or Without You,,1321102626
Anuel AA - China,,1320578149
Adele - Make You Feel My Love,,1318299412
Smash Mouth - All Star,,1317949974
"Beach Weather - Sex, Drugs, Etc.",,1316427193
Brenda Lee - Rockin' Around the Christmas Tree,,1316285331
Pop Smoke - What You Know Bout Love,,1314101545
Ariana Grande - Santa Tell Me,,1313031689
Post Malone - I Had Some Help (Feat. Morgan Wallen),,1312830206
Mario - Let Me Love You,,1312379316
Cage The Elephant - Cigarette Daydreams,,1311918022
Daft Punk - Get Lucky (Radio Edit) [feat. Pharrell Williams and Nile Rodgers],,1310597204
Katy Perry - The One That Got Away,,1309204146
Tory Lanez - The Color Violet,,1308466933
Calvin Harris - My Way,,1308428390
Daryl Hall & John Oates - You Make My Dreams (Come True),,1308191868
Jonas Blue - Fast Car,,1308093883
David Guetta - Memories,,1306994610
Imagine Dragons - Bad Liar,,1306937023
WILLOW - Wait a Minute!,,1304969789
Billie Eilish - idontwannabeyouanymore,,1303083045
Calvin Harris - Feels,,1302609621
Yng Lvcas - La Bebe,,1301562913
BØRNS - Electric Love,,1300325587
Rihanna - FourFiveSeconds,,1299739929
Nio Garcia - Te Boté,,1296577535
Arctic Monkeys - R U Mine?,,1296075972
Red Hot Chili Peppers - Snow (Hey Oh),,1296041241
Iyaz - Replay,,1295273056
Myke Towers - LALA,,1292051707
Bob Marley & The Wailers - Three Little Birds,,1291259284
Timbaland - The Way I Are,,1291115446
Eminem - The Monster,,1290864267
Meghan Trainor - Like I'm Gonna Lose You,,1290751961
Of Monsters and Men - Little Talks,,1290514442
Bob Marley & The Wailers - Could You Be Loved,,1289665924
Feid - Feliz Cumpleaños Ferxxo,,1287834881
Post Malone - White Iverson,,1286256268
Black Eyed Peas - Where Is The Love?,,1285516939
Billy Joel - Uptown Girl,,1285034871
Ali Gatie - It's You,,1283562066
Benson Boone - In The Stars,,1283444525
Kygo - Firestone,,1283409310
Daddy Yankee - Gasolina,,1282161375
Shakira - Chantaje,,1280850397
Fleetwood Mac - Everywhere,,1280041416
Plain White T's - Hey There Delilah,,1280008330
"The Offspring - You're Gonna Go Far, Kid",,1279364455
Sabrina Carpenter - Taste,,1278040285
Hailee Steinfeld - Starving,,1277802989
Rag'n'Bone Man - Human,,1277696976
Lana Del Rey - Video Games,,1277376496
Katy Perry - Hot N Cold,,1275908336
Noah Cyrus - July,,1275871051
Bruno Mars - Treasure,,1275764272
Fleetwood Mac - Go Your Own Way,,1274866058
New West - Those Eyes,,1274672108
Green Day - American Idiot,,1273586364
Rudimental - These Days,,1271531848
Nicky Youre - Sunroof,,1271212666
Shaggy - It Wasn't Me,,1271057312
Lil Wayne - Sucker for Pain,,1270087571
Alex Warren - Ordinary,,1270033911
"Tyler, The Creator - EARFQUAKE",,1269762659
Pedro Capó - Calma,,1269345745
Avicii - Without You,,1268998301
David Guetta - Sexy Bitch,,1268112844
Swedish House Mafia - Moth To A Flame,,1268089892
Lil Baby - Yes Indeed,,1265931536
Bryson Tiller - Exchange,,1265283678
Sia - Snowman,,1264422651
Bruno Mars - The Lazy Song,,1263993839
Miley Cyrus - Angels Like You,,1263421754
Dr. Dre - The Next Episode,,1263239249
Jaymes Young - Infinity,,1260452897
Aerosmith - I Don't Want to Miss a Thing,,1260078288
Lil Wayne - Love Me,,1258536023
Desiigner - Panda,,1258048957
Zach Bryan - I Remember Everything,,1257826955
USHER - DJ Got Us Fallin' In Love,,1257718294
Chase Atlantic - Swim,,1257589780
The Chainsmokers - Roses,,1256589612
Billie Eilish - i love you,,1256465618
Eminem - Superman,,1255055471
Patrick Watson - Je te laisserai des mots,,1254977889
Drake - Nonstop,,1254975472
Bill Withers - Ain't No Sunshine,,1251671189
Kendrick Lamar - luther,,1250520351
The Script - Breakeven,,1249326194
21 Savage - Bank Account,,1249174960
R. City - Locked Away,,1248655815
Taylor Swift - Delicate,,1248182616
GAYLE - abcdefu,,1247312966
The Animals - House of the Rising Sun,,1246930413
Kanye West - Bound 2,,1246262816
Drake - Jimmy Cooks,,1245080411
Ozuna - Hey Mor,,1243672290
Bobby Helms - Jinglebell Rock,,1243318677
Adele - Send My Love (To Your New Lover),,1242085248
Linkin Park - What I've Done,,1241878807
The Weeknd - After Hours,,1239895813
Pop Smoke - For The Night,,1239702421
Foreigner - I Want to Know What Love Is,,1238634443
Jimmy Eat World - The Middle,,1238455759
Avril Lavigne - Complicated,,1238157604
Demi Lovato - Sorry Not Sorry,,1238023471
Pop Smoke - Dior,,1237897411
American Authors - Best Day Of My Life,,1237236416
Chris Brown - No Guidance,,1236079667
Calvin Harris - Slide,,1235616309
ROSALÍA - DESPECHÁ,,1235082462
Eminem - Rap God,,1234148278
Don Omar - Dile,,1233367223
Justin Timberlake - SexyBack,,1233039314
Eminem - Not Afraid,,1232252421
Calum Scott - You Are The Reason,,1231172954
Flo Rida - My House,,1230719792
Jason Derulo - Swalla,,1230038471
4 Non Blondes - What's Up?,,1228798849
YNW Melly - Murder on My Mind,,1228718694
Avicii - Hey Brother,,1227566734
The Weeknd - Popular,,1227550850
DJ Snake - Middle,,1227534485
Tyla - Water,,1227405012
Mr. Probz - Waves,,1226782294
Billie Eilish - Bored,,1226530302
Future - Low Life,,1225929283
Calvin Harris - Blame,,1225655029
TOTO - Hold the Line,,1225481047
The Temptations - My Girl,,1225468616
Kodak Black - ZEZE,,1223588428
Don Toliver - No Idea,,1223230584
Dua Lipa - Dance The Night,,1223195927
Jack Ü - Where Are Ü Now,,1221704750
JAY-Z - Numb / Encore,,1221190254
Sixpence None The Richer - Kiss Me,,1220711274
The Offspring - The Kids Aren't Alright,,1219963787
Topic - Breaking Me,,1218949562
Dominic Fike - 3 Nights,,1218730357
Seafret - Atlantis,,1218602584
Sean Paul - Temperature,,1218119976
The Weeknd - Die For You,,1217367048
Franz Ferdinand - Take Me Out,,1216566658
Gesaffelstein - Lost in the Fire,,1216518251
J. Cole - Work Out,,1216316895
Ariana Grande - Love Me Harder,,1215312637
"Drake - Hold On, We're Going Home",,1214075326
Ava Max - Kings & Queens,,1213863468
50 Cent - Candy Shop,,1213641242
The Weeknd - Timeless,,1213295653
The Weeknd - Often,,1212124527
Bruno Mars - Wake Up in the Sky,,1212060470
My Chemical Romance - Teenagers,,1210378058
Oasis - Don't Look Back in Anger,,1209149820
Ariana Grande - God is a woman,,1207945462
Ty Dolla $ign - Or Nah,,1207622582
Jonas Blue - Perfect Strangers,,1207165631
Guns N' Roses - November Rain,,1206360239
Led Zeppelin - Stairway to Heaven,,1205869589
Maroon 5 - One More Night,,1205294071
Elvis Presley - Can't Help Falling in Love,,1205086144
Avicii - Levels,,1204519676
Britney Spears - ...Baby One More Time,,1204252982
Jawsh 685 - Savage Love (Laxed,,1202476300
James Arthur - Rewrite The Stars,,1202215317
G-Eazy - Him & I,,1201803437
Lil Uzi Vert - The Way Life Goes,,1200221245
3 Doors Down - Kryptonite,,1199922600
Miley Cyrus - We Can't Stop,,1199057705
Lady Gaga - Rain On Me,,1198611602
BLACKPINK - How You Like That,,1197555737
Frank Ocean - Ivy,,1195246414
Icona Pop - I Love It,,1194089422
Feid - CLASSY 101,,1193792694
Future - WAIT FOR U,,1193521091
Michael Bublé - It's Beginning to Look a Lot like Christmas,,1193317712
Michael Bublé - It’s Beginning to Look a Lot Like Christmas,,1193317712
Jason Derulo - Want to Want Me,,1193294896
Zac Efron - Rewrite The Stars,,1190925167
Wham! - Wake Me Up Before You Go-Go,,1190513156
Katy Perry - California Gurls,,1189728969
Selena Gomez - Back To You,,1186849485
"Dan + Shay - 10,000 Hours",,1186427269
The Mamas & The Papas - California Dreamin',,1185006693
Tove Lo - Habits (Stay High),,1184387135
Bad Bunny - PERRO NEGRO,,1184239940
Shaboozey - A Bar Song (Tipsy),,1182806150
Lil Nas X - THATS WHAT I WANT,,1182168788
Dhruv - double take,,1182152391
Sheck Wes - Mo Bamba,,1178932217
Adele - Skyfall,,1178720557
A Great Big World - Say Something,,1178694729
Imagine Dragons - On Top Of The World,,1176936004
The Cranberries - Linger,,1175356508
Billie Eilish - bellyache,,1175210409
PARTYNEXTDOOR - Break from Toronto,,1175052325
Miley Cyrus - Wrecking Ball,,1174507610
"Olivia Rodrigo - jealousy, jealousy",,1173823403
Mark Ronson - Nothing Breaks Like a Heart,,1173745452
Hailee Steinfeld - Let Me Go,,1172371139
Maluma - Borro Cassette,,1171682544
The Weeknd - Heartless,,1171648344
Sia - Elastic Heart,,1171069771
Drake - Toosie Slide,,1166002836
Katy Perry - I Kissed A Girl,,1165742925
Nicky Jam - X,,1164382263
Clean Bandit - Solo,,1164332652
Luke Combs - When It Rains It Pours,,1162391926
TV Girl - Not Allowed,,1162138388
Kygo - Stole the Show,,1162015485
Pixies - Where Is My Mind?,,1161952197
One Direction - Perfect,,1161773580
Electric Light Orchestra - Mr. Blue Sky,,1161523087
Nico & Vinz - Am I Wrong,,1160823225
Selena Gomez & The Scene - Love You Like A Love Song,,1159466001
Bad Bunny - DtMF,,1158729694
Bad Bunny - Diles,,1157758101
Queen - Crazy Little Thing Called Love,,1157268599
Niall Horan - This Town,,1156729000
Simple Minds - Don't You (Forget About Me),,1156333170
Blur - Song 2,,1155230423
Bon Jovi - It's My Life,,1154612707
Dua Lipa - Levitating,,1154438302
*NSYNC - Bye Bye Bye,,1154058129
AURORA - Runaway,,1153207471
Calvin Harris - Promises,,1153080301
Billy Joel - Piano Man,,1152473294
Radiohead - No Surprises,,1149521219
Bad Bunny - La Santa,,1147859700
Toploader - Dancing in the Moonlight,,1147814050
Dua Lipa - Physical,,1147795082
Drake - Too Good,,1147562524
Rage Against The Machine - Killing In The Name,,1146449443
Linkin Park - Faint,,1146225177
"Pink Floyd - Another Brick in the Wall, Pt. 2",,1146174793
Kygo - Higher Love,,1145213389
Tracy Chapman - Fast Car,,1144743510
Becky G - MAMIII,,1144533161
Eyedress - Jealous,,1143992772
Gunna - fukumean,,1143851573
21 Savage - a lot,,1142935343
Kings of Leon - Use Somebody,,1141530567
Train - Drops Of Jupiter,,1141475012
Men At Work - Down Under,,1139349613
Haddaway - What Is Love (Original 7' Mix),,1137418947
Post Malone - Go Flex,,1137373527
Dennis Lloyd - Nevermind,,1137207112
Cyndi Lauper - Time After Time,,1137139552
Flo Rida - Wild Ones,,1136348805
Shawn Mendes - If I Can't Have You,,1136214966
Kina - Get You The Moon,,1134999846
Post Malone - Candy Paint,,1131715493
Bazzi - Mine,,1131384574
Creedence Clearwater Revival - Bad Moon Rising,,1129316452
Charlie Puth - Left and Right (Feat. Jung Kook of BTS),,1129313612
Harry Styles - Late Night Talking,,1127722667
Riton - Friday,,1127670439
Billie Eilish - bury a friend,,1127097576
The Script - The Man Who Can't Be Moved,,1127022085
The Weeknd - Pray For Me,,1126811733
Lunay - Soltera (Remix),,1126405807
One Direction - Steal My Girl,,1125753401
Mac Miller - The Spins,,1125250215
RAYE - Escapism.,,1125235889
Ariana Grande - 34+35,,1124919906
Cigarettes After Sex - Cry,,1124723299
Bad Bunny - LA NOCHE DE ANOCHE,,1124360030
GROUPLOVE - Tongue Tied,,1123682403
Bad Bunny - Si Estuviésemos Juntos,,1122856656
Bad Bunny - Vete,,1120422215
Metallica - Master of Puppets (Remastered),,1119969833
Taylor Swift - Wildest Dreams,,1119303956
"Bizarrap - Shakira: Bzrp Music Sessions, Vol. 53/66",,1119297905
Elton John - Your Song,,1116749432
Taylor Swift - All Too Well (10 Minute Version) (Taylor's Version) (From The Vault),,1115675449
Lana Del Rey - West Coast,,1115609702
Ozuna - Se Preparó,,1115483129
Ed Sheeran - The A Team,,1115444183
Edward Sharpe & The Magnetic Zeros - Home,,1114622504
Ariana Grande - Break Free,,1113222306
Rae Sremmurd - Black Beatles,,1112760885
Nelly - Dilemma,,1112729530
Polo G - RAPSTAR,,1111628260
Anuel AA - Amanece,,1109681227
Mabel - Don't Call Me Up,,1109343750
Bruce Springsteen - Dancing In the Dark,,1108860635
SZA - Nobody Gets Me,,1108033457
Alicia Keys - No One,,1107694229
Green Day - Boulevard of Broken Dreams,,1107672810
Three Days Grace - I Hate Everything About You,,1105742669
sombr - back to friends,,1104799641
Tainy - Lo Siento BB:/,,1104430886
Kanye West - POWER,,1102624560
Alphaville - Forever Young,,1101944645
Lil Nas X - Old Town Road,,1101904552
George Ezra - Shotgun,,1100506286
Liam Payne - Strip That Down,,1100446829
Taylor Swift - You Need To Calm Down,,1100066173
Luke Combs - Beautiful Crazy,,1099740092
Mitski - Washing Machine Heart,,1098553838
KAROL G - AMARGURA,,1097289098
Arctic Monkeys - Fluorescent Adolescent,,1096993388
Metro Boomin - Space Cadet,,1096688885
Adele - Love In The Dark,,1096048152
Juice WRLD - Come & Go,,1095822793
Drake - Laugh Now Cry Later,,1095247909
Ne-Yo - So Sick,,1095156783
Taylor Swift - Love Story (Taylor’s Version),,1093654920
The Jackson 5 - I Want You Back,,1092180125
Kendrick Lamar - PRIDE.,,1091996144
Baby Keem - family ties,,1090113541
Enrique Iglesias - Bailando,,1089894625
"Ariana Grande - break up with your girlfriend, i'm bored",,1089415371
V - Love Me Again,,1088576706
Linkin Park - One Step Closer,,1087331013
The Killers - Somebody Told Me,,1086874502
MEDUZA - Piece Of Your Heart,,1086611975
LP - Lost on You,,1086479656
Metro Boomin - Too Many Nights,,1085306776
Paulo Londra - Adan y Eva,,1084752911
Maluma - Felices los 4,,1083224012
Owl City - Fireflies,,1081333998
Cris MJ - Una Noche en Medellín,,1080777957
Nicki Minaj - Super Bass,,1080775788
Van Halen - Jump,,1080740763
A Boogie Wit da Hoodie - Drowning,,1080621641
Juice WRLD - Wishing Well,,1079553961
Wallows - Are You Bored Yet?,,1079448474
The Weeknd - In Your Eyes,,1079105994
Drake - Money In The Grave (Drake ft. Rick Ross),,1078760261
Katy Perry - Teenage Dream,,1078663280
Demi Lovato - Heart Attack,,1078619164
James Blunt - You're Beautiful,,1076894990
Britney Spears - Oops!...I Did It Again,,1076878087
Zara Larsson - Never Forget You,,1076296288
Cigarettes After Sex - Sunsetz,,1076226590
Camila Cabello - Never Be the Same,,1075385887
Polo G - Martin & Gina,,1075206913
MGMT - Kids,,1073589031
Morgan Wallen - Whiskey Glasses,,1071848534
Kali Uchis - Moonlight,,1071731177
Richy Mitch & The Coal Miners - Evergreen,,1071529204
Paramore - Still into You,,1071189114
Cigarettes After Sex - K.,,1070629502
Nelly Furtado - Maneater,,1070130313
Britney Spears - Gimme More,,1069154607
Galantis - Runaway (U & I),,1069141355
Black Eyed Peas - RITMO (Bad Boys For Life) (Remix) *,,1068260861
Juice WRLD - Lean Wit Me,,1065791941
XXXTENTACION - the remedy for a broken heart (why am I so in love),,1065076270
Rick Astley - Never Gonna Give You Up (2022 Remaster),,1064803904
Chase Atlantic - Friends,,1064374484
Queen - Somebody To Love,,1064042977
Soft Cell - Tainted Love,,1063897496
Lizzo - Truth Hurts,,1063750243
Camila Cabello - Bam Bam,,1063584907
ABBA - Gimme! Gimme! Gimme! (A Man After Midnight),,1063427355
Gorillaz - Clint Eastwood,,1062160279
Marshmello - Leave Before You Love Me,,1061672453
Two Door Cinema Club - What You Know,,1061263274
Surfaces - Sunday Best,,1061064358
Destiny's Child - Say My Name,,1060447154
Macklemore - Glorious,,1058682152
Maroon 5 - Don't Wanna Know,,1057127613
Taylor Swift - Fortnight,,1057055482
Quevedo - Columbia,,1056855624
Zion & Lennox - Otra Vez,,1056111828
Sam Smith - How Do You Sleep?,,1055731185
Disclosure - Talk,,1054571733
Jung Kook - 3D,,1054176291
Niall Horan - Slow Hands,,1053923721
Kenya Grace - Strangers,,1053094464
Jonas Blue - Mama,,1052855440
Paramore - Misery Business,,1052635388
Øneheart - snowfall,,1052445624
Sleepy Hallow - 2055,,1050592904
Olivia Rodrigo - All I Want,,1049845406
Juice WRLD - Bandit,,1047339618
Leona Lewis - Bleeding Love,,1046807899
Panic! At The Disco - I Write Sins Not Tragedies,,1046029959
Ariana Grande - Problem,,1045235148
Chord Overstreet - Hold On,,1043846055
Slipknot - Duality,,1043557663
Luis Fonsi - Échame La Culpa,,1043244440
Bruno Mars - Versace on the Floor,,1043184732
Kenny Loggins - Footloose,,1042853086
Boston - More Than a Feeling,,1041179015
Khalid - Love Lies,,1040413700
Neon Trees - Everybody Talks,,1040339685
Y2K - Lalala,,1040124231
Taylor Swift - willow,,1039961068
James Arthur - Impossible,,1039772166
Andy Williams - It's the Most Wonderful Time of the Year,,1039427671
Bonnie Tyler - Total Eclipse of the Heart,,1039195811
Natalie Imbruglia - Torn,,1036972062
Drake - Fair Trade,,1036649630
Taylor Swift - I Knew You Were Trouble.,,1036110917
USHER - My Boo,,1035301119
Kanye West - Runaway,,1034561888
BlocBoy JB - Look Alive,,1034343359
Romeo Santos - Propuesta Indecente,,1034234843
Kendrick Lamar - Swimming Pools (Drank),,1033446182
Kanye West - I Wonder,,1033281894
Queen - Killer Queen,,1031753965
MEDUZA - Lose Control,,1031207991
KYLE - iSpy,,1030274924
Mr.Kitty - After Dark,,1027497763
TV Girl - Cigarettes out the Window,,1027218814
2Pac - California Love,,1026750413
PinkPantheress - Boy's a liar Pt. 2,,1025522057
Drake - Fake Love,,1025500851
Sean Kingston - Beautiful Girls,,1025221615
BTS - FAKE LOVE,,1024895994
Sublime - Santeria,,1023374044
Billie Eilish - CHIHIRO,,1023284756
Surf Mesa - ily (i love you baby),,1022426932
The Kid LAROI - WITHOUT YOU,,1021724126
Mac DeMarco - Chamber Of Reflection,,1021657868
Doja Cat - Boss Bitch,,1021379248
Mustard - Ballin’,,1021356895
J Balvin - QUE PRETENDES,,1021353236
Childish Gambino - 3005,,1021160875
Labrinth - Formula,,1021073522
Rachel Platten - Fight Song,,1020887443
Harry Styles - Golden,,1018795634
Kid Cudi - Day 'N' Nite (Nightmare),,1018635006
Ed Sheeran - I See Fire,,1018358585
Doja Cat - You Right,,1018291323
Weezer - Island In The Sun,,1018165942
Calle 24 - QUE ONDA,,1018014891
BANNERS - Someone To You,,1017856804
Elton John - Don't Go Breaking My Heart,,1017141403
Playboi Carti - Magnolia,,1016970045
James Arthur - Train Wreck,,1016901346
Robin Thicke - Blurred Lines,,1016264149
Post Malone - I Had Some Help (Feat. Morgan Wallen),,1015685506
Lana Del Rey - Cinnamon Girl,,1015525667
Limp Bizkit - Break Stuff,,1014193311
Sabrina Carpenter - Feather,,1014001136
Lana Del Rey - Brooklyn Baby,,1013918711
Otis Redding - (Sittin' On) the Dock of the Bay,,1013846159
Piso 21 - Déjala Que Vuelva,,1012890806
Aaron Smith - Dancin,,1011259790
Migos - Bad and Boujee,,1010961994
50 Cent - P.I.M.P.,,1009981990
NATTI NATASHA - Criminal,,1009352062
Dr. Dre - Forgot About Dre,,1008874992
Lorde - Team,,1007363989
Taylor Swift - exile,,1007203099
SZA - Love Galore,,1006558552
Charlie Puth - One Call Away,,1006447590
Bad Bunny - Neverita,,1005974758
Shakira - Waka Waka (This Time for Africa) [The Official 2010 FIFA World Cup (TM) Song],,1005766988
The Game - Hate It Or Love It,,1004787946
Nirvana - Heart-Shaped Box,,1003321848
Dave - Sprinter,,1003235891
Jack Johnson - Better Together,,1003015448
Bob Marley & The Wailers - Is This Love,,1002988626
Flume - Never Be Like You,,1002935839
PinkPantheress - Pain,,1002858894
Ariana Grande - boyfriend,,1000872527
Taylor Swift - You Belong With Me (Taylor’s Version),,1000126852
blink-182 - I Miss You,,999637190
Flo Rida - Whistle,,999489203
Metallica - Master Of Puppets,,999222614
J Balvin - QUE PRETENDES,,998997397
Billie Eilish - you should see me in a crown,,998891943
alt-J - Breezeblocks,,998426942
Feid - Normal,,998244792
MGMT - Electric Feel,,998070005
Juice WRLD - Bandit,,997800229
Bad Bunny - Safaera,,997041411
Nicky Jam - El Perdón,,996548336
Van Halen - Jump,,995850318
Metro Boomin - Trance,,995849896
SZA - Saturn,,995482681
Frank Ocean - White Ferrari,,994514773
Luis Fonsi - Échame La Culpa,,994318531
Dasha - Austin (Boots Stop Workin'),,994232855
Kelly Clarkson - Since U Been Gone,,994206840
Fitz and The Tantrums - Out of My League,,993620382
Bee Gees - How Deep Is Your Love,,993082761
James Blunt - You're Beautiful,,992580624
Lady Gaga - Telephone,,992508649
CKay - love nwantiti (ah ah ah),,992503638
Scorpions - Wind Of Change,,992012290
Tame Impala - Borderline,,991867784
Sleepy Hallow - 2055,,991397627
MEDUZA - Lose Control,,990904324
Carín León - Primera Cita,,990601504
Post Malone - I Like You (A Happier Song),,988685304
Vanessa Carlton - A Thousand Miles,,988109236
Lady Gaga - Judas,,988065065
Galantis - Runaway (U & I),,988061478
Fifth Harmony - Worth It,,987579059
The Wanted - Glad You Came,,987534735
Maluma - Según Quién,,987469209
Macklemore - Glorious,,987360572
Rihanna - Pon de Replay,,987287949
Grupo Frontera - QUE VUELVAS,,987126648
Bad Bunny - Si Veo a Tu Mamá,,987068350
Demi Lovato - Cool for the Summer,,986719947
Baby Keem - family ties,,986534852
RAYE - Escapism.,,986275117
Blackstreet - No Diggity,,986235351
Jason Mraz - I Won't Give Up,,986226163
Ashe - Moral of the Story,,985732904
Rauw Alejandro - LOKERA,,985276113
Daryl Hall & John Oates - Maneater,,984655849
Robin Thicke - Blurred Lines,,984655615
HUNTR/X - Golden,,984460584
Mazzy Star - Fade Into You,,984300053
Sam Hunt - Body Like A Back Road,,984161523
Conan Gray - Maniac,,983973957
Yandel - Yandel 150,,983971167
Chappell Roan - Pink Pony Club,,983837841
Tiësto - The Motto,,983436527
Starley - Call On Me,,982940537
Chris Isaak - Wicked Game,,982455936
Bill Withers - Lovely Day,,982316689
Sebastian Yatra - Pareja Del Año,,982298703
Skillet - Monster,,982146864
Audioslave - Like a Stone,,981499403
BLACKPINK - Kill This Love,,981150538
Billie Eilish - TV,,980799784
Migos - Bad and Boujee,,979627195
Mac DeMarco - My Kind of Woman,,979402131
Haddaway - What Is Love,,978962653
Cardi B - Bodak Yellow,,978655935
Pitbull - Feel This Moment,,978147273
Counting Crows - Mr. Jones,,978021474
Cris MJ - Una Noche en Medellín,,977963556
Myles Smith - Stargazing,,977792994
One Direction - Steal My Girl,,977638603
cassö - Prada,,977550557
Shawn Mendes - In My Blood,,977438646
Jack Harlow - Lovin On Me,,977191264
Becky G - Shower,,976872997
Mustard - Ballin',,976490762
James Arthur - Car's Outside,,976321673
Crowded House - Don't Dream It's Over,,976320213
The Weeknd - Is There Someone Else?,,976107668
Anuel AA - Amanece,,975765872
Soft Cell - Tainted Love,,975663975
Surf Mesa - ily (i love you baby),,975405084
Daryl Hall & John Oates - Rich Girl,,975130045
Taylor Swift - Karma,,974757170
Lana Del Rey - Say Yes To Heaven,,974084716
The Weeknd - Party Monster,,974043111
My Chemical Romance - Welcome to the Black Parade,,973985518
FIFTY FIFTY - Cupid (Twin Ver.),,973710128
Rihanna - Where Have You Been,,973612278
Drake - Teenage Fever,,973544675
Kenya Grace - Strangers,,972632471
Rick Astley - Never Gonna Give You Up,,972547305
Rachel Platten - Fight Song,,972158641
"Fall Out Boy - Sugar, We're Goin Down",,971956711
Kendrick Lamar - Alright,,971790676
Panic! At The Disco - I Write Sins Not Tragedies,,971768146
A$AP Rocky - Sundress,,971689608
Marshmello - Leave Before You Love Me,,970702424
Zion & Lennox - Otra vez,,969816645
P!nk - Try,,969804547
Destiny's Child - Say My Name,,969678939
Metro Boomin - Superhero (Heroes & Villains) [with Future & Chris Brown],,969487208
Taylor Swift - Enchanted,,969463499
Black Eyed Peas - Pump It,,969239177
James Arthur - Can I Be Him,,969068355
Marc Seguí - Tiroteo,,968463421
Taylor Swift - The Man,,968254212
Kid Cudi - Pursuit Of Happiness (Nightmare),,968193007
Leona Lewis - Bleeding Love,,967224080
Mora - LA INOCENTE,,966805234
Polo G - Pop Out,,966373449
Xavi - La Diabla,,965929189
Bruce Springsteen - Dancing In the Dark,,965597621
David Guetta - Hey Mama,,965213205
Michael Jackson - Smooth Criminal,,965068753
Metro Boomin - Trance,,964974433
Green Day - Wake Me up When September Ends,,964946421
Taylor Swift - ...Ready for It?,,964896508
Train - Drive By,,964855971
Kenny Loggins - Footloose,,964640575
Lana Del Rey - Born To Die,,964255406
Green Day - Good Riddance (Time of Your Life),,964056430
Taylor Swift - Wildest Dreams (Taylor's Version),,963878127
Paloma Faith - Only Love Can Hurt Like This,,963815699
Two Door Cinema Club - What You Know,,963745740
B.o.B - Airplanes,,963449001
Ellie Goulding - Burn,,963089456
KAROL G - BICHOTA,,963010613
will.i.am - Scream & Shout,,962850819
Ozuna - Vaina Loca,,962358198
Drake - Headlines,,961588815
Chord Overstreet - Hold On,,960940960
Galantis - No Money,,960631026
Rob $tone - Chill Bill,,960529738
A$AP Rocky - F**kin' Problems,,960424048
Rihanna - Disturbia,,959763984
Wheatus - Teenage Dirtbag,,959613858
M.I.A. - Paper Planes,,959381559
Naughty Boy - La La La,,959210999
Estelle - American Boy,,958988737
Kesha - Die Young,,958744749
Lady Gaga - Million Reasons,,958331207
Taylor Swift - ME!,,957891408
Mr.Kitty - After Dark,,957595097
Rihanna - Bitch Better Have My Money,,957070023
No Doubt - Don't Speak,,956634705
ACRAZE - Do It To It,,956543434
Foo Fighters - The Pretender,,956543276
Pink Floyd - Wish You Were Here,,955994485
Billie Eilish - Therefore I Am,,955980037
Guns N' Roses - Knockin' On Heaven's Door,,955819412
Justin Bieber - Lonely,,955637962
NATTI NATASHA - Criminal,,954764202
The 1975 - Somebody Else,,954611413
Lizzo - About Damn Time,,954601662
Piso 21 - Déjala Que Vuelva,,953854106
The Cure - Boys Don't Cry,,953678282
Ellie Goulding - Hate Me,,953138122
Sam Smith - Like I Can,,953060662
PinkPantheress - Boy's a liar Pt. 2,,952995225
La Oreja de Van Gogh - Rosas,,952086636
Lewis Capaldi - Hold Me While You Wait,,951576818
Black Eyed Peas - Meet Me Halfway,,951238456
Jonas Blue - Rise,,951190431
Disturbed - The Sound of Silence,,950786983
iñigo quintero - Si No Estás,,950779528
Lauv - i'm so tired...,,950686384
Neon Trees - Everybody Talks,,950490291
Drake - Rich Flex,,950114895
Clairo - Sofia,,949851676
Kanye West - All Falls Down,,949192370
Morgan Wallen - Wasted On You,,948033366
Lorde - Ribs,,947098787
Kansas - Dust in the Wind,,946952297
Jack Harlow - First Class,,946749268
FIFTY FIFTY - Cupid,,946428222
Aaron Smith - Dancin,,946237076
Boston - More Than a Feeling,,945836256
BANNERS - Someone To You,,945758673
Tiësto - Jackie Chan,,945322853
Melanie Martinez - Play Date,,944901937
Playboi Carti - Sky,,944878333
Disturbed - Down with the Sickness,,944228447
The Police - Roxanne,,943861217
Kanye West - Homecoming,,943416086
Starley - Call on Me,,942849098
Lola Young - Messy,,942702233
Bad Bunny - BAILE INoLVIDABLE,,941559530
The Proclaimers - I'm Gonna Be (500 Miles),,941511329
5 Seconds of Summer - Teeth,,941287633
John Newman - Love Me Again,,941147509
Chief Keef - Love Sosa,,940821784
Fleetwood Mac - Landslide,,940389695
BLACKPINK - Pink Venom,,939955459
The Smiths - There Is a Light That Never Goes Out,,939917349
Manu Chao - Me Gustas Tu,,939759033
Sam Hunt - Body Like A Back Road,,938375495
Katrina & The Waves - Walking On Sunshine,,938289025
CKay - love nwantiti (ah ah ah),,937451152
alt-J - Breezeblocks,,936985473
Idina Menzel - Let It Go,,936505005
DJ Snake - Loco Contigo,,936260237
Dua Lipa - Houdini,,936221698
J Balvin - Un Día (One Day),,935737776
Maggie Lindemann - Pretty Girl,,935696618
The Cure - Friday I'm In Love,,935573172
Akon - Lonely,,935508811
Birdy - Skinny Love,,935171383
Keala Settle - This Is Me,,934973183
Yandel - Yandel 150,,934550509
DaBaby - BOP,,934129909
Red Hot Chili Peppers - Dani California,,933940809
X Ambassadors - Renegades,,933759790
Los Enanitos Verdes - Lamento Boliviano,,933318915
Bad Bunny - Safaera,,933205840
Pinkfong - Baby Shark,,933201450
Three Days Grace - I Hate Everything About You,,932644204
Drake - Chicago Freestyle,,932536826
Rels B - A Mí,,932088700
Fetty Wap - 679,,931370701
Bad Bunny - Tarot,,931263990
Fall Out Boy - Thnks fr th Mmrs,,931242937
Flume - Never Be Like You,,931215430
Benson Boone - Slow It Down,,931041867
Bruno Mars - Finesse,,930602557
Ruth B. - Lost Boy,,930501771
Peso Pluma - LADY GAGA,,930419568
Olivia Rodrigo - All I Want,,929834254
Bad Bunny - Neverita,,929717297
Polo G - Pop Out,,929657854
Drake - Wants and Needs,,929311577
Beyoncé - CUFF IT,,929074301
OneRepublic - Apologize,,929041355
Darius Rucker - Wagon Wheel,,928737925
Otis Redding - (Sittin' On) the Dock of the Bay,,928605931
Paramore - Still into You,,928310508
Juice WRLD - Armed And Dangerous,,928272843
Billy Joel - Vienna,,928223296
Richy Mitch & The Coal Miners - Evergreen,,927731532
MGMT - Kids,,927411579
Piso 21 - Te Vi,,927342655
50 Cent - 21 Questions,,926879201
Bonnie Tyler - Total Eclipse of the Heart,,926682749
Jay Sean - Down,,926648153
Meghan Trainor - All About That Bass,,926224047
LMFAO - Party Rock Anthem,,925637090
Flo Rida - Right Round,,925592726
Frank Ocean - Chanel,,925345622
Frank Ocean - Nights,,925018792
Justin Bieber - Confident,,924183338
Deorro - Five More Hours,,923869511
Natalie Imbruglia - Torn,,923572471
Rob $tone - Chill Bill,,923558723
AWOLNATION - Sail,,922934223
P!nk - What About Us,,922927699
Gorillaz - Clint Eastwood,,922868058
Led Zeppelin - Immigrant Song,,922570352
Tiësto - The Motto,,922523919
Pop Smoke - Mood Swings,,922462744
Phil Collins - In the Air Tonight,,922388577
Jeremy Zucker - comethru,,921869218
Justin Bieber - Mistletoe,,921804941
Meghan Trainor - Made You Look,,921605588
A$AP Rocky - Everyday,,921261897
Anuel AA - Sola (Remix),,921071733
Aventura - Ella Y Yo,,920893838
J Balvin - Qué Más Pues?,,920674967
Don McLean - American Pie,,920603055
Galantis - No Money,,920582965
Roxette - It Must Have Been Love,,920577433
Elton John - Don't Go Breaking My Heart,,920397692
Taylor Swift - ME!,,920278909
Robin Thicke - Blurred Lines,,920200172
Ne-Yo - Miss Independent,,919755196
Eminem - Venom,,919558365
Soundgarden - Black Hole Sun,,919528440
Nelly Furtado - Say It Right,,919449738
Alphaville - Forever Young,,919393217
Calle 24 - QUE ONDA,,919266222
Chief Keef - Love Sosa,,919239864
Justin Timberlake - Rock Your Body,,918268307
Jonas Blue - Rise,,917751472
The Wanted - Glad You Came,,917622962
Ariana Grande - boyfriend,,917491423
blink-182 - What's My Age Again?,,917432781
Panic! At The Disco - House of Memories,,917317533
Hippie Sabotage - Devil Eyes,,916940844
Dire Straits - Walk Of Life,,916862446
SZA - Broken Clocks,,916681803
Eminem - River,,916493436
Sean Kingston - Beautiful Girls,,916385580
Elton John - Tiny Dancer,,916214269
AC/DC - T.N.T.,,916200313
Counting Crows - Mr. Jones,,915176040
Lady Gaga - Paparazzi,,915064403
Paulo Londra - Tal Vez,,914974522
DRAM - Broccoli,,914345916
David Guetta - Hey Mama,,914166939
Bryan Adams - Heaven,,913512604
Corinne Bailey Rae - Put Your Records On,,913352913
Morgan Wallen - You Proof,,912380215
Sebastian Yatra - Pareja Del Año,,911879020
Ashe - Moral of the Story,,911781459
Tiësto - Jackie Chan,,911674868
Junior H - El Azul,,911524364
America - A Horse with No Name,,911208778
Rihanna - Take A Bow,,911199439
Slipknot - Duality,,911021142
The Neighbourhood - You Get Me So High,,910628511
Lizzo - About Damn Time,,909972058
Mau y Ricky - Desconocidos,,909328195
Anitta - Downtown,,909025432
blink-182 - I Miss You,,908529220
SYML - Where's My Love,,908388411
A Boogie Wit da Hoodie - Look Back at It,,908376724
Jack Harlow - WHATS POPPIN,,907341260
Sia - Cheap Thrills,,907333874
Bad Bunny - WHERE SHE GOES,,906839580
Aventura - Volví,,906474505
U2 - I Still Haven't Found What I'm Looking For,,906332178
Lil Tjay - Calling My Phone,,906232299
Bad Bunny - A Tu Merced,,906213218
The Neighbourhood - Reflections,,905945374
Gwen Stefani - The Sweet Escape,,903866866
MGMT - Electric Feel,,902347302
Rise Against - Savior,,902231584
Flo Rida - Good Feeling,,902119685
Lil Peep - Save That Shit,,902038233
Luis Miguel - Ahora Te Puedes Marchar,,901522017
Mumford & Sons - Little Lion Man,,901514086
BLACKPINK - Kill This Love,,901421158
Depeche Mode - Enjoy the Silence,,901370843
Wisin - Escápate Conmigo,,901175754
MUSIC LAB JPN - Kill This Love,,900398438
DJ MIX NON-STOP CHANNEL - Kill This Love,,899644060
2Pac - Ambitionz Az A Ridah,,899490988
Blackstreet - No Diggity,,899441784
The Calling - Wherever You Will Go,,899371724
Melanie Martinez - Play Date,,899350158
Rascal Flatts - Life is a Highway,,899186600
Empire Of The Sun - We Are The People,,899118569
ACRAZE - Do It To It,,899011508
LOVE BGM JPN - Kill This Love,,898667803
Drake - Controlla,,898156916
Soulja Boy - Kiss Me Thru The Phone,,897962382
Three Days Grace - Animal I Have Become,,897755994
"Kendrick Lamar - Bitch, Don’t Kill My Vibe",,897264829
Anuel AA - Ella Quiere Beber,,896635369
Billie Eilish - LUNCH,,896268504
Laufey - From The Start,,896155197
The Beatles - Come Together,,895959791
Big Sean - I Don't Fuck With You,,895651886
Bob Marley & The Wailers - Is This Love,,895580480
Lil Baby - Freestyle,,895462461
TINI - Miénteme,,894765695
Petit Biscuit - Sunset Lover,,894288992
Yot Club - YKWIM?,,894160345
Fugees - Killing Me Softly With His Song,,894010572
Alok - Hear Me Now,,893483826
The Rare Occasions - Notion,,893380520
Mac DeMarco - Chamber Of Reflection,,893289385
Ruth B. - Lost Boy,,893120558
The Game - Hate It Or Love It,,892968524
Vanessa Carlton - A Thousand Miles,,891794003
2Pac - Hit 'Em Up,,891071069
SZA - Open Arms,,889850725
Gorillaz - On Melancholy Hill,,889754268
The Cardigans - Lovefool,,889727776
Billie Eilish - watch,,889561293
Frank Ocean - Novacane,,888879969
Cigarettes After Sex - K.,,888784749
Cage The Elephant - Ain't No Rest For The Wicked,,888669905
Billie Eilish - wish you were gay,,888099475
Miley Cyrus - Malibu,,887863880
Hozier - Work Song,,887167275
Taylor Swift - exile,,887140317
The Rolling Stones - (I Can't Get No) Satisfaction,,887118887
System Of A Down - Lonely Day,,887018453
Zach Bryan - Heading South,,886872643
Selena Gomez - Good For You,,886861821
Fifth Harmony - Worth It,,886766432
The Script - The Man Who Can't Be Moved,,886670708
Future - Like That,,886363758
Childish Gambino - Les,,885982714
Lost Frequencies - Reality,,885801631
David Guetta - 2U,,885184500
Waka Flocka Flame - No Hands,,885125380
Jeremy Zucker - comethru,,884675885
Declan McKenna - Brazil,,884579749
Sub Urban - Cradles,,884565974
Natalia Lafourcade - Hasta la Raíz,,884310525
B.o.B - Nothin’ on You,,884156872
Meghan Trainor - All About That Bass,,884063539
Grupo Frontera - QUE VUELVAS,,883550935
Ozzy Osbourne - Crazy Train,,883342673
Jason Derulo - Talk Dirty,,882238867
Chase Atlantic - Friends,,882108746
Foo Fighters - The Pretender,,881655606
Whitney Houston - I Will Always Love You,,881634055
Alan Walker - Alone,,881462139
Keala Settle - This Is Me,,881192806
Miley Cyrus - Prisoner,,880907345
DJ Snake - Loco Contigo,,880731538
Camila Cabello - Shameless,,880190988
StaySolidRocky - Party Girl,,879633147
Far East Movement - Like A G6,,879533035
JHAYCO - CÓMO SE SIENTE,,879501282
Cigarettes After Sex - Sunsetz,,878707258
One Direction - 18,,878222708
21 Savage - Runnin,,878063305
Kendrick Lamar - m.A.A.d city,,877892296
My Chemical Romance - Welcome to the Black Parade,,877283366
B.o.B - Airplanes,,876895697
Sean Kingston - Eenie Meenie,,876412970
bôa - Duvet,,876389186
Mora - LA INOCENTE,,876125450
J Balvin - Qué Más Pues?,,876039313
Kali Uchis - After The Storm,,875866151
The Beatles - Let It Be,,875695017
NewJeans - OMG,,875470473
Neil Diamond - Sweet Caroline,,875383175
The Notorious B.I.G. - Juicy,,875167238
Dave - Sprinter,,875112873
Deorro - Five More Hours,,874186909
Fetty Wap - 679,,873753417
Scorpions - Wind Of Change,,873681825
Luke Combs - Hurricane,,873593763
cassö - Prada,,873472174
Luke Combs - Fast Car,,873384728
M.I.A. - Paper Planes,,873060556
Halsey - Bad At Love,,872800834
Drake - Jumpman,,872569061
will.i.am - Scream & Shout,,872491639
Tom Petty - Free Fallin',,871633300
Chief Keef - Love Sosa,,871597750
Rae Sremmurd - This Could Be Us,,871476685
Justin Bieber - Yummy,,871476267
Jennifer Lopez - On The Floor,,871282164
Xavi - La Diabla,,871164229
Travis Scott - Goosebumps,,871057362
Central Cee - Doja,,870689139
Sam Smith - Fire On Fire,,870388903
DMX - X Gon' Give It To Ya,,870261341
Maluma - Según Quién,,870228604
Lana Del Rey - Doin' Time,,870042493
AWOLNATION - Sail,,870035867
"Gracie Abrams - I Love You, I'm Sorry",,869889934
Marshmello - El Merengue,,869790878
Fitz and The Tantrums - Out of My League,,869709359
Estelle - American Boy,,869472825
Counting Crows - Mr. Jones,,869435175
Paloma Faith - Only Love Can Hurt Like This,,869145955
Starship - Nothing's Gonna Stop Us Now,,869014207
Stromae - Alors on danse,,868991110
Mark Ambor - Belong Together,,868895310
Tainy - Adicto,,868853961
Pop Smoke - Mood Swings,,868438002
Zac Brown Band - Chicken Fried,,868345777
THE SCOTTS - THE SCOTTS,,867942843
Bill Withers - Lovely Day,,867881100
Travie McCoy - Billionaire,,867639141
A Boogie Wit da Hoodie - Swervin,,867338615
Justin Bieber - Holy,,866340019
Gigi Perez - Sailor Song,,866302642
Daryl Hall & John Oates - Rich Girl,,866291974
Train - Drive By,,865130955
BTS - Life Goes On,,864811926
Petit Biscuit - Sunset Lover,,864053251
Kanye West - Violent Crimes,,864017163
21 Savage - ball w/o you,,863982246
Rixton - Me And My Broken Heart,,863918060
Julia Michaels - What A Time,,863886706
Cher - Believe,,863869249
Taylor Swift - Getaway Car,,863653966
Keyshia Cole - Love,,863600424
Imagine Dragons - It's Time,,863590982
Anuel AA - Secreto,,863568833
Kanye West - All Of The Lights,,863437143
The Proclaimers - I'm Gonna Be (500 Miles),,862527402
Stealers Wheel - Stuck In The Middle With You,,862383713
TINI - Miénteme,,862228016
Mötley Crüe - Kickstart My Heart,,861855018
Gracie Abrams - That’s So True,,861798625
Becky G - Sin Pijama,,861712865
Dolly Parton - Jolene,,861370035
Rauw Alejandro - LOKERA,,861340921
Felix Jaehn - Ain't Nobody (Loves Me Better),,860879896
Kansas - Dust in the Wind,,860811335
Linkin Park - Somewhere I Belong,,860496166
Aventura - Volví,,860157665
Katrina & The Waves - Walking On Sunshine,,860116730
Taylor Swift - Lavender Haze,,860058358
21 Savage - Glock In My Lap,,859755005
Clairo - Sofia,,859574935
Grupo Frontera - EL AMOR DE SU VIDA,,859379053
Maroon 5 - Beautiful Mistakes,,858945244
Travis Scott - I KNOW ?,,858836088
Mike Posner - Cooler Than Me,,858709584
Alejandro Fernández - Me Dediqué a Perderte,,858642518
The Cure - Boys Don't Cry,,858403545
Disturbed - Down with the Sickness,,857847840
Queen - We Are The Champions,,857802305
PinkPantheress - Pain,,857679146
Kanye West - Can't Tell Me Nothing,,857596542
Carín León - Primera Cita,,857535398
Drake - Knife Talk,,857521472
Bad Bunny - Party,,857295431
P!nk - Raise Your Glass,,857292744
Mora - Volando,,856442449
Lil Baby - Pure Cocaine,,856036962
T-Pain - Buy U a Drank (Shawty Snappin'),,855962241
No Doubt - Don't Speak,,855819496
iñigo quintero - Si No Estás,,855738740
The Kid LAROI - NIGHTS LIKE THIS,,855593235
3 Doors Down - Here Without You,,855382734
Hippie Sabotage - Devil Eyes,,854946679
Lil Tjay - Calling My Phone,,853770165
Arcángel - La Jumpa,,852780213
Lukas Graham - Love Someone,,852423736
Dalex - Hola,,851995706
CNCO - Reggaetón Lento (Bailemos),,851957569
Justin Bieber - Hold On,,851832430
Migos - Walk It Talk It,,851601067
JACKBOYS - OUT WEST,,850740176
Muse - Supermassive Black Hole,,850480961
Ed Sheeran - South of the Border,,850448859
Redbone - Come and Get Your Love,,850421826
James Bay - Hold Back The River,,850250435
Lil Tjay - F.N,,850026684
Travis Scott - STARGAZING,,849482578
A Boogie Wit da Hoodie - Look Back at It,,849462221
Mac DeMarco - Heart To Heart,,849220494
Bad Bunny - Tarot,,848723387
John Newman - Love Me Again,,847929973
Piso 21 - Te Vi,,847542314
Zion & Lennox - Yo Voy,,847437959
5 Seconds of Summer - She Looks So Perfect,,846492826
Wisin - Escápate Conmigo,,846356356
"Tyler, The Creator - NEW MAGIC WAND",,845918651
Kordhell - MURDER IN MY MIND,,845709503
blink-182 - What's My Age Again?,,845596840
"$uicideboy$ - ...And to Those I Love, Thanks for Sticking Around",,845306370
Big Sean - I Don't Fuck With You,,845170386
ATB - Your Love (9PM),,845167520
Jung Kook - 3D,,844851556
BLACKPINK - Pink Venom,,844661188
CJ - Whoopty,,844523285
Avicii - SOS,,844471471
Rauw Alejandro - El Efecto,,844374110
Ghost - Mary On A Cross,,844193567
Mac DeMarco - My Kind of Woman,,844020892
Ed Sheeran - Don't,,843519935
Skillet - Monster,,843263037
The Cure - Friday I'm In Love,,843217035
Led Zeppelin - Immigrant Song,,842965944
Romeo Santos - Eres Mía,,842529877
Pinkfong - Baby Shark,,842455363
Mac DeMarco - For the First Time,,842354409
Carlos Vives - La Bicicleta,,842122168
Eagles - Take It Easy,,841989743
Mau y Ricky - Desconocidos,,841898557
Cutting Crew - (I Just) Died In Your Arms,,841782113
Panic! At The Disco - House of Memories,,841509999
Lynyrd Skynyrd - Free Bird,,841227827
Ed Sheeran - Perfect Duet (Ed Sheeran & Beyoncé),,841170121
Mariah Carey - We Belong Together,,841023772
Kesha - Die Young,,840582940
ZZ Top - La Grange (2005 Remaster),,840469194
Lil Peep - Save That Shit,,840015233
J. Cole - Power Trip,,839979947
Maroon 5 - Cold,,839702720
Culture Club - Karma Chameleon,,839684257
Mike Perry - The Ocean,,839534617
Morgan Wallen - Chasin' You,,839346580
Alan Walker - On My Way,,839124627
Linkin Park - Crawling,,838999081
Thirty Seconds To Mars - The Kill (Bury Me),,838954299
Natanael Cano - AMG,,838715223
Linkin Park - Bleed It Out,,838444461
Kelly Clarkson - Underneath the Tree,,838393552
Mumford & Sons - I Will Wait,,838391859
Fort Minor - Remember the Name,,838338332
Daryl Hall & John Oates - Maneater,,837794125
Paulo Londra - Tal Vez,,837573847
ROSALÍA - Con Altura,,837489019
La Oreja de Van Gogh - Rosas,,837317716
StaySolidRocky - Party Girl,,837046085
Cascada - Everytime We Touch,,836518899
Daryl Hall - Maneater,,836468157
6ix9ine - FEFE,,836088883
NewJeans - Ditto,,834878209
Travis Scott - CAN'T SAY,,834566853
Maluma - 11 PM,,834549587
Blue Swede - Hooked On A Feeling,,833785931
Baby Keem - ORANGE SODA,,833696283
Justin Bieber - Holy,,833353049
Dean Martin - Let It Snow! Let It Snow! Let It Snow!,,833249077
Alok - Hear Me Now,,833172535
Anuel AA - Hasta Que Dios Diga,,832708037
Katy Perry - Unconditionally,,832554696
Travis Scott - Goosebumps,,831889239
Jason Mraz - Lucky,,831400662
Kendrick Lamar - LOYALTY. FEAT. RIHANNA.,,831395904
Jay Sean - Down,,831309333
Darius Rucker - Wagon Wheel,,831004009
Hombres G - Devuélveme a mi chica,,830741475
Ricky Montgomery - Line Without a Hook,,830565001
zzoilo - Mon Amour,,830548686
José Feliciano - Feliz Navidad,,830349833
Extreme - More Than Words,,830250145
Doja Cat - Agora Hills,,830196672
BLACKPINK - Shut Down,,830097703
Little Mix - Shout Out to My Ex,,830043381
Lana Del Rey - Diet Mountain Dew,,830031186
LMFAO - Party Rock Anthem,,829728672
Los Enanitos Verdes - Lamento Boliviano,,829575986
Olly Alexander (Years & Years) - King,,829163155
Becky G - Sin Pijama,,828855338
Iggy Azalea - Fancy,,828043442
Junior H - Y LLORO,,827681496
Anitta - Downtown,,827403495
Becky G - Mayores,,826985994
Dua Lipa - Love Again,,826805880
Rise Against - Savior,,826777400
Manu Chao - Me Gustas Tu,,826518695
Yusuf / Cat Stevens - Wild World,,826508369
Don McLean - American Pie,,826247568
Audioslave - Like a Stone,,826203153
Bad Bunny - Yo Perreo Sola,,825884587
Ed Sheeran - Dive,,825192927
U2 - I Still Haven't Found What I'm Looking For,,824873657
Charlie Puth - Marvin Gaye,,824853181
Bill Withers - Just the Two of Us,,824589390
The Smashing Pumpkins - 1979,,824512350
¥$ - CARNIVAL,,824505902
System Of A Down - Aerials,,824481899
The Rolling Stones - Start Me Up,,824041722
Young Thug - The London,,823506264
Corinne Bailey Rae - Put Your Records On,,823283552
Bazzi - Beautiful,,823181866
Adele - Chasing Pavements,,822723597
Martin Jensen - Solo Dance,,822652058
Phil Collins - In The Air Tonight,,822563230
Luis Miguel - Ahora Te Puedes Marchar,,822436744
Marc Seguí - Tiroteo,,821934191
The Notorious B.I.G. - Juicy,,821842989
Migos - Walk It Talk It,,821677105
Troye Sivan - Strawberries & Cigarettes,,821652441
BLACKPINK - DDU-DU DDU-DU,,821623871
Bacilos - Caraluna,,821508405
Sub Urban - Cradles,,821504625
Libianca - People,,821315232
Pitbull - Hotel Room Service,,821251252
Luke Combs - She Got the Best of Me,,821177228
Imagine Dragons - Warriors,,820732573
Young Thug - pick up the phone,,820676154
Jimi Hendrix - All Along the Watchtower,,820632041
Playboi Carti - Shoota,,820247784
5 Seconds of Summer - Teeth,,820202184
Labrinth - Jealous,,820185851
Ed Sheeran - Supermarket Flowers,,820057971
Tego Calderón - Pa' Que Retozen,,819359856
Bruno Mars - Count on Me,,819273966
Julia Michaels - What A Time,,819241040
Stealers Wheel - Stuck In The Middle With You,,818085721
TV Girl - Cigarettes out the Window,,818005168
The Cardigans - Lovefool,,817890121
Milo j - Rara Vez,,817802214
The Temper Trap - Sweet Disposition,,817598274
Ricky Montgomery - Mr. Loverman,,817586684
Labrinth - Mount Everest,,817383704
Buffalo Springfield - For What It's Worth,,817359419
Majestic - Rasputin,,816859238
Yot Club - YKWIM?,,816851979
Taylor Swift - Midnight Rain,,816802529
Plan B - Candy,,816777896
Luke Combs - Hurricane,,816643914
Don Toliver - After Party,,816451400
MGMT - Little Dark Age,,816163534
The 1975 - About You,,815812228
Mustard - Pure Water,,815784499
Chris Isaak - Wicked Game,,815607275
John Lennon - Imagine,,815421979
Alan Walker - Alone,,815367639
Shakira - Te Felicito,,815014589
Lil Uzi Vert - Just Wanna Rock,,814994614
Pitbull - Fireball,,814818899
Enrique Iglesias - SUBEME LA RADIO,,814367062
Chappell Roan - HOT TO GO!,,814356251
Summer Walker - Girls Need Love,,814286693
Akon - Lonely,,814102687
Rixton - Me And My Broken Heart,,813970187
BoyWithUke - Toxic,,813625393
Incubus - Drive,,813333400
Eyedress - Something About You,,812911082
Aminé - Caroline,,812747190
John Mayer - New Light,,812524101
Rels B - A Mí,,812217716
Jason Derulo - Whatcha Say,,812163475
Kelly Clarkson - Because of You,,812053132
Beyoncé - Single Ladies (Put a Ring on It),,811921936
ROSALÍA - BESO,,811713210
MEDUZA - Paradise,,811618968
Lost Frequencies - Reality,,811607394
Rascal Flatts - Life is a Highway,,811079076
Crowded House - Don't Dream It's Over,,810868705
Lizzy McAlpine - ceilings,,810830745
Bad Bunny - TE MUDASTE,,810669802
INTERWORLD - METAMORPHOSIS,,810368679
Neil Diamond - Sweet Caroline,,810315869
blackbear - idfc,,810098231
Rauw Alejandro - Cúrame,,810044355
Jeremih - oui,,809922395
Lou Bega - Mambo No. 5 (A Little Bit of...),,809865847
Lukas Graham - Love Someone,,809859575
Liana Flores - rises the moon,,809711054
Fugees - Killing Me Softly With His Song,,809397552
Mac Miller - Self Care,,809315825
Jason Derulo - Take You Dancing,,809242777
Lana Del Rey - Summertime Sadness (Lana Del Rey Vs. Cedric Gervais),,809176508
DMX - X Gon' Give It To Ya,,808581592
Morat - Cuando Nadie Ve,,808372156
The Beatles - Yesterday,,808327052
Dalex - Pa Mí,,808291040
Sophie Ellis-Bextor - Murder On The Dancefloor,,808149195
David Guetta - Baby Don't Hurt Me,,808008368
Loreen - Tattoo,,807977410
Lil Peep - nuts,,807956233
Camila Cabello - My Oh My,,807658696
JHAYCO - CÓMO SE SIENTE,,807554924
The Doobie Brothers - Listen to the Music,,807300393
Limp Bizkit - Rollin' (Air Raid Vehicle),,806917213
Felix Jaehn - Ain't Nobody (Loves Me Better),,806852838
Rae Sremmurd - This Could Be Us,,806816321
Soundgarden - Black Hole Sun,,806801682
Flo Rida - GDFR,,806414623
Khalid - Saturday Nights,,806186984
Travis Scott - 90210,,806044655
Manuel Turizo - Una Lady Como Tú,,805991024
"Taylor Swift - You're On Your Own, Kid",,805971946
Chris Brown - Go Crazy,,805692330
The Kooks - Naive,,805285939
KAROL G - MI EX TENÍA RAZÓN,,804818277
Charlie Puth - How Long,,804535387
Rex Orange County - Best Friend,,804503836
Lykke Li - I Follow Rivers,,804450177
Carlos Vives - Robarte un Beso,,804397999
Kansas - Carry on Wayward Son,,804211497
Michael Jackson - Thriller,,803824832
Jack Harlow - WHATS POPPIN,,803255048
Daft Punk - One More Time,,803140192
John Travolta - You're The One That I Want,,803053628
Kelly Clarkson - Stronger (What Doesn't Kill You),,802278155
ATB - Your Love (9PM),,802086679
Khalid - 8TEEN,,801587834
Kylie Minogue - Can’t Get You out of My Head,,801079598
Dolly Parton - 9 to 5,,800924244
David Guetta - Where Them Girls At,,800719534
Vacations - Young,,800627451
Alessia Cara - Here,,800563798
America - A Horse with No Name,,800217267
One Direction - You & I,,800190004
Tame Impala - Let It Happen,,800163567
NewJeans - OMG,,799517307
Miley Cyrus - The Climb,,799484883
Fall Out Boy - My Songs Know What You Did In The Dark (Light Em Up),,799421718
Taylor Swift - Paper Rings,,799112528
50 Cent - Many Men (Wish Death),,799055268
Jon Bellion - All Time Low,,799014519
Lil Tjay - F.N,,798869287
Tom Petty - Free Fallin',,798671245
Alesso - Heroes (we could be),,798490507
Frank Sinatra - Fly Me To The Moon (In Other Words),,798018354
Drake - Best I Ever Had,,797997444
Bad Bunny - Party,,797780833
Little Mix - Shout Out to My Ex,,797659522
Reik - Me Niego,,797594906
Alex & Sierra - Little Do You Know,,797316458
50 Cent - Just A Lil Bit,,797288873
Far East Movement - Like A G6,,797039889
Maroon 5 - Sunday Morning,,797030304
Depeche Mode - Enjoy the Silence,,796782358
SYML - Where's My Love,,796767520
Ice Cube - You Know How We Do It,,796102706
James Hype - Ferrari,,795612677
Wheatus - Teenage Dirtbag,,795555257
Oscar Maydon - Fin de Semana,,795497082
CNCO - Reggaetón Lento (Bailemos),,795114617
Bad Bunny - La Difícil,,795021310
Kaash Paige - Love Songs,,794757515
Rick Springfield - Jessie's Girl,,794692094
Sebastian Yatra - Tacones Rojos,,794370435
UB40 - Red Red Wine,,793898246
"Shakira - Whenever, Wherever",,793394896
Jet - Are You Gonna Be My Girl,,793343354
Bring Me The Horizon - Can You Feel My Heart,,793182992
JACKBOYS - OUT WEST,,793168848
Dolly Parton - Jolene,,793106774
Tiësto - Don't Be Shy,,793038850
Chris Jedi - Ahora Dice,,793021091
Aventura - Ella Y Yo,,792946655
The Marías - No One Noticed,,792872699
Slipknot - Psychosocial,,792369111
OneRepublic - Apologize,,792051475
Timbaland - Apologize,,792051475
Joji - YEAH RIGHT,,791893117
A$AP Ferg - Plain Jane,,791879854
Lil Mosey - Noticed,,791845961
Dalex - Hola,,791667036
Adele - All I Ask,,791622501
W Sound - La Plena,,791281994
Flo Rida - Club Can't Handle Me,,790937638
Stealers Wheel - Stuck In The Middle With You,,789984163
Travie McCoy - Billionaire,,789910505
Olivia Rodrigo - brutal,,789824415
Alessia Cara - How Far I'll Go,,789795558
Natanael Cano - AMG,,789621392
Dominic Fike - Babydoll,,789469378
Justin Bieber - Anyone,,789012217
Peso Pluma - PRC,,788809440
BENEE - Supalonely,,788577549
Rvssian - Santa,,788492660
Russ - Losin Control,,788415460
Little Mix - Secret Love Song,,788388397
Pearl Jam - Even Flow,,788387553
P!nk - So What,,788131717
Lil Nas X - Panini,,787858203
Natalia Lafourcade - Hasta la Raíz,,787812032
salvia palth - i was all over her,,787446459
The Killers - When You Were Young,,787223546
Jarabe De Palo - La flaca,,787199932
Florence + The Machine - You've Got The Love,,787070076
Wiz Khalifa - Black and Yellow,,787066248
Soulja Boy - Kiss Me Thru The Phone,,786981491
Wiz Khalifa - Black & Yellow,,786807035
fun. - Some Nights,,786507690
Rihanna - Rude Boy,,786409340
Taylor Swift - champagne problems,,786118889
Alicia Keys - Girl on Fire,,786049921
Childish Gambino - Me and Your Mama,,785765397
Pitbull - International Love,,785470946
Zac Brown Band - Chicken Fried,,785340130
Britney Spears - Womanizer,,785279707
Fort Minor - Remember the Name,,785205750
Black Eyed Peas - Just Can’t Get Enough,,785170471
Bazzi - Beautiful,,785101094
Duke Dumont - Ocean Drive,,784916678
"Tyler, The Creator - ARE WE STILL FRIENDS?",,784695895
The Calling - Wherever You Will Go,,784660702
The Smiths - There Is a Light That Never Goes Out,,784495091
NewJeans - Super Shy,,784421685
2Pac - All Eyez On Me,,784308712
Alexandra Stan - Mr. Saxobeat,,784143760
Gwen Stefani - Hollaback Girl,,783976059
Commodores - Easy,,783407914
5 Seconds of Summer - She Looks So Perfect,,782920314
Coldplay - Magic,,782856348
Lou Bega - Mambo N° 5 (A Little Bit of Monika),,782369622
Juice WRLD - Legends,,782360029
Nirvana - Lithium,,781631922
Travis Scott - Antidote,,781368751
The Paper Kites - Bloom,,781274821
"Tyler, The Creator - BEST INTEREST",,780887001
Dexys Midnight Runners - Come On Eileen,,780781308
Bryan Adams - (Everything I Do) I Do It For You,,780732226
Kordhell - MURDER IN MY MIND,,780583526
Pink Floyd - Comfortably Numb,,780536206
Paulo Londra - Nena Maldición,,780437963
One Direction - 18,,780353521
Chris Stapleton - You Should Probably Leave,,779921952
Bee Gees - More Than A Woman,,779671727
Yusuf / Cat Stevens - Wild World,,779596997
Baby Keem - ORANGE SODA,,779200782
Myke Towers - Bandido,,778954068
Kodak Black - Roll in Peace,,778938527
Mustard - Pure Water,,778717049
Migos - Stir Fry,,778349533
Arctic Monkeys - No. 1 Party Anthem,,778274507
Oscar Maydon - Tu Boda,,777975216
Eminem - Lucky You,,777437405
Guns N' Roses - Don't Cry,,777230401
Jason Mraz - Lucky,,777164329
MEDUZA - Paradise,,776963903
Bad Bunny - TE MUDASTE,,776792553
Boza - Hecha Pa' Mi,,776314820
Cigarettes After Sex - Sweet,,776085732
Keyshia Cole - Love,,775868253
Mora - Volando,,775748741
Beach Bunny - Prom Queen,,775711657
"Earth, Wind & Fire - Let's Groove",,775198134
Justin Bieber - Company,,774769002
Taylor Swift - You Belong With Me,,774582458
Cosculluela - Madura,,774485209
Labrinth - Still Don't Know My Name,,774389427
zzoilo - Mon Amour,,774186648
Carlos Vives - La Bicicleta,,774081487
Jesse & Joy - Dueles,,773984826
Cults - Always Forever,,773856206
DJ Khaled - POPSTAR,,773538671
Gera MX - Botella Tras Botella,,773246713
OneRepublic - Secrets,,772886481
Gwen Stefani - The Sweet Escape,,772846314
"$uicideboy$ - ...And to Those I Love, Thanks for Sticking Around",,772810349
Jimi Hendrix - All Along the Watchtower,,772774852
The Cardigans - Lovefool,,772570875
"Daddy Yankee - Lo Que Pasó, Pasó",,772358445
Dove Cameron - Boyfriend,,772204547
Mon Laferte - Tu Falta De Querer,,771844212
Adele - Water Under the Bridge,,771791848
Lana Del Rey - Radio,,771724863
X Ambassadors - Unsteady,,771595441
Mazzy Star - Fade Into You,,771564734
Lady Gaga - Born This Way,,771541064
Radiohead - Karma Police,,771480602
Taylor Swift - We Are Never Ever Getting Back Together,,771410426
mgk - my ex's best friend,,771278428
Travis Scott - YOSEMITE,,770823730
Zach Bryan - Heading South,,770786326
Taylor Swift - my tears ricochet,,770447031
$uicideboy$ - Kill Yourself (Part III),,770391961
BTS - Permission to Dance,,770074338
Mike Posner - Cooler Than Me,,769856174
A$AP Ferg - Plain Jane,,769612108
Lou Bega - Mambo No. 5 (A Little Bit of...),,769140039
Blue Swede - Hooked On A Feeling,,769133934
R3HAB - All Around The World (La La La),,769118195
Alan Walker - On My Way,,768910096
Muse - Uprising,,768884593
Michael Bublé - Holly Jolly Christmas,,768849072
"Gracie Abrams - I miss you, I’m sorry",,768618548
Dalex - Pa Mí,,768095325
Roxette - It Must Have Been Love,,768077633
21 Savage - redrum,,768032033
Pink Sweat$ - At My Worst,,767821588
Marshmello - Here With Me,,767538352
Bob Dylan - Knockin' On Heaven's Door,,767322619
Jason Derulo - Take You Dancing,,767094536
T-Pain - Buy U a Drank (Shawty Snappin'),,767031874
Roar - I Can't Handle Change,,766864868
"Roy Orbison - Oh, Pretty Woman",,766584637
Grupo Frontera - NO SE VA,,766428901
BoyWithUke - Toxic,,766386624
Lil Mosey - Noticed,,766363180
Little Mix - Black Magic,,765875626
Michael Jackson - Rock With You,,765613914
Miguel - Girl With The Tattoo Enter.lewd,,765342623
Culture Club - Karma Chameleon,,765128922
Owl City - Good Time,,765126825
Suki Waterhouse - Good Looking,,765064297
Charli xcx - Guess featuring billie eilish,,764945200
blackbear - idfc,,764698676
System Of A Down - B.Y.O.B.,,764518798
Matt Sassari - Give It To Me,,763914778
Chase Atlantic - Into It,,763766163
Rammstein - Du hast,,763507506
Kodak Black - Tunnel Vision,,763317285
Ozzy Osbourne - Crazy Train,,763303364
Post Malone - Take What You Want,,763284572
Mark Ronson - Valerie,,763157952
King Von - Took Her To The O,,762648638
Modjo - Lady,,762490663
Carrie Underwood - Before He Cheats,,762417982
Snoop Dogg - Drop It Like It's Hot,,762370565
3 Doors Down - Here Without You,,762187227
Bad Bunny - NUEVAYoL,,762115177
Avicii - Lonely Together,,761651146
Beyoncé - Irreplaceable,,761623107
Auli'i Cravalho - How Far I'll Go,,761602975
Tiësto - 10:35,,761374043
grandson - Blood // Water,,761342709
Dua Lipa - Be the One,,761209035
Marc Anthony - Vivir Mi Vida,,761186436
Avril Lavigne - Sk8er Boi,,761165140
The Ronettes - Be My Baby,,760962710
J. Cole - She Knows,,760934991
Childish Gambino - Heartbeat,,760173740
John Mayer - New Light,,760108713
Rihanna - Kiss It Better,,759958185
ScHoolboy Q - Collard Greens,,759940294
Joji - Sanctuary,,759838481
The Strokes - Last Nite,,759751130
Zion & Lennox - Yo Voy,,759605781
BLACKPINK - DDU-DU DDU-DU,,759546459
Simon & Garfunkel - Mrs. Robinson,,759461256
Cardi B - Please Me,,759123761
Romeo Santos - Imitadora,,759085304
Meghan Trainor - NO,,758739867
Metallica - One,,758560565
Lil Dicky - Freaky Friday,,758542379
Selena Gomez - Hands To Myself,,758156995
Cher - Believe,,757809058
Arctic Monkeys - Snap Out Of It,,757797491
Joji - YEAH RIGHT,,757671529
ABBA - Mamma Mia,,757508786
mgk - Bad Things,,757099565
Reik - Me Niego,,757088478
Daft Punk - Instant Crush,,757003553
Enrique Iglesias - SUBEME LA RADIO,,756630984
Sebastian Yatra - Traicionera,,756576315
Sean Kingston - Eenie Meenie,,756114507
Sade - Smooth Operator,,755972605
Waka Flocka Flame - No Hands,,755775975
Lil Uzi Vert - Money Longer,,755741187
Europe - The Final Countdown,,755677802
Kanye West - I Love It (& Lil Pump),,755453682
James Arthur - Naked,,755204601
Juice WRLD - Wasted,,754501730
Lynyrd Skynyrd - Free Bird,,754370366
Nelly - Ride Wit Me,,754116643
Foo Fighters - Best of You,,753923720
Drake - Take Care,,753790995
Paul Simon - You Can Call Me Al,,753721729
TV Girl - Blue Hair,,753569499
The Cinematic Orchestra - To Build A Home,,753548145
Libianca - People,,753510057
Lana Del Rey - Summertime Sadness (Lana Del Rey Vs. Cedric Gervais),,753388989
Tiësto - Don't Be Shy,,753238313
Extreme - More Than Words,,753234747
Aretha Franklin - I Say a Little Prayer,,753206693
Morat - Besos En Guerra,,752964915
Daniel Caesar - Japanese Denim,,752742820
Bad Bunny - Amorfoda,,752623254
JID - Surround Sound,,752098141
Lana Del Rey - Young And Beautiful [Lana Del Rey vs. Cedric Gervais],,751991792
Teddy Swims - The Door,,751745253
Selena Gomez - Same Old Love,,751544710
Sech - Otro Trago,,751420496
Fujii Kaze - Shinunoga E-Wa,,751411303
Hozier - Someone New,,751210727
Rauw Alejandro - Tattoo,,750973866
"All Time Low - Dear Maria, Count Me In",,750553167
Taylor Swift - I Can Do It With a Broken Heart,,750472175
"Stevie Wonder - Signed, Sealed, Delivered (I'm Yours)",,750044978
Enrique Iglesias - DUELE EL CORAZON,,749773907
Alesso - Heroes (we could be),,749549609
Luke Combs - Fast Car,,749275685
Diplo - Heartless,,749253536
Louis Armstrong - What A Wonderful World,,749139480
Olly Alexander (Years & Years) - King,,748999887
One Direction - Best Song Ever,,748725925
Mary J. Blige - Family Affair,,748605197
Mac Miller - Weekend,,748436246
Katy Perry - Never Really Over,,748417990
Alejandro Fernández - Me Dediqué a Perderte,,748380912
Aretha Franklin - Respect,,748336576
Travis Scott - MY EYES,,748300846
Rauw Alejandro - Fantasias,,748166329
DJ Khaled - POPSTAR,,748141168
Beyoncé - Love On Top,,747938369
Mötley Crüe - Kickstart My Heart,,747932167
BLACKPINK - Shut Down,,747637914
JENNIE - SOLO,,747602093
Jessie J - Price Tag,,747581421
The Rolling Stones - Gimme Shelter,,747579427
Phil Collins - You Can't Hurry Love,,747425518
Myke Towers - Bandido,,747368639
NewJeans - Ditto,,746719825
Luke Combs - She Got the Best of Me,,746719711
Hombres G - Devuélveme a mi chica,,746505399
Oliver Tree - Miss You,,746389617
J Balvin - UN PESO,,746254638
Russ - Losin Control,,746008464
The Rare Occasions - Notion,,745903120
ZZ Top - La Grange (2005 Remaster),,745031808
"Fall Out Boy - Dance, Dance",,744986382
Breaking Benjamin - The Diary of Jane,,744861023
Jeremih - oui,,744753720
Majestic - Rasputin,,744752353
The Pussycat Dolls - Don't Cha,,744731534
Billie Eilish - No Time To Die,,744622546
Led Zeppelin - Whole Lotta Love,,744346313
Lady Gaga - Bloody Mary,,744122515
Bad Bunny - Ignorantes,,744082686
Cardi B - Up,,744063279
Redbone - Come and Get Your Love,,744000147
Bacilos - Caraluna,,743777245
The xx - Intro,,743767638
Tom Walker - Leave a Light On,,743287910
Carlos Vives - Robarte un Beso,,743202317
Michael Sembello - Maniac,,742716137
Cutting Crew - (I Just) Died In Your Arms,,742544190
Zedd - Clarity,,742405266
Rae Sremmurd - Swang,,742258099
Marshmello - Be Kind,,742257826
Beyoncé - TEXAS HOLD 'EM,,742217055
Jessie J - Domino,,742000755
Chris Brown - Forever,,741802547
The Offspring - Self Esteem,,741624269
Disclosure - You & Me,,741585579
Big Sean - Bounce Back,,741099471
Natanael Cano - Madonna,,740958640
INTERWORLD - METAMORPHOSIS,,740930254
Rammstein - Sonne,,740744712
Backstreet Boys - Everybody (Backstreet's Back),,740695474
Avenged Sevenfold - Hail to the King,,740500521
fun. - Some Nights,,740345748
Eiffel 65 - Blue (Da Ba Dee),,739860768
Granular - White Noise,,739491270
MGMT - Little Dark Age,,739477169
"Alan Walker - Alone, Pt. II",,739270962
Luke Combs - Beer Never Broke My Heart,,739088939
Shania Twain - Man! I Feel Like A Woman!,,738882419
David Guetta - Play Hard,,738603910
Adam Port - Move,,738428736
The Righteous Brothers - Unchained Melody,,738258780
Dolly Parton - 9 to 5,,738076134
B.o.B - Nothin' on You,,737998395
Bad Bunny - Un Coco,,737935866
Justin Bieber - Friends,,737822668
Bon Iver - Skinny Love,,737740863
Colbie Caillat - Bubbly,,737712694
Migos - Stir Fry,,737507754
Buffalo Springfield - For What It's Worth,,737304812
Lady Gaga - Applause,,737250387
The Script - Superheroes,,737101439
Bryson Tiller - Right My Wrongs,,736846342
AJR - Weak,,736010523
Ghost - Mary On A Cross,,736000703
Diddy - I'll Be Missing You,,735971574
Kendrick Lamar - tv off,,735863926
Taio Cruz - Break Your Heart,,735558908
Dua Lipa - Kiss and Make Up,,735417730
Frank Sinatra - Fly Me To The Moon (In Other Words),,735407170
The Weeknd - Timeless,,735396418
BLACKPINK - As If It's Your Last,,735195307
Post Malone - One Right Now,,734990184
BTS - DNA,,734638437
Rex Orange County - Best Friend,,734633883
Billie Eilish - all the good girls go to hell,,734372319
Morat - Cuando Nadie Ve,,734364099
Anitta - Envolver,,734234546
Ed Maverick - Fuentes de Ortiz,,734079832
Nio Garcia - La Jeepeta,,733965251
Sasha Alex Sloan - Dancing With Your Ghost,,733950807
Thirty Seconds To Mars - The Kill,,733868011
Tego Calderón - Pa' Que Retozen,,733823281
Grupo Frontera - EL AMOR DE SU VIDA,,733504931
mgk - my ex's best friend,,733245787
Linkin Park - Papercut,,732902459
Metro Boomin - 10 Freaky Girls,,732865081
Green Day - When I Come Around,,731702144
Tove Lo - Talking Body,,731604922
Chris Jedi - Ahora Dice,,731447653
Paramore - The Only Exception,,731327672
Bebe Rexha - I'm a Mess,,731316080
The Kooks - Naive,,731125421
Xavi - La Víctima,,730658887
Jason Derulo - Trumpets,,730015492
Quevedo - PUNTO G,,729978042
Justin Timberlake - Cry Me a River,,729961355
The Smashing Pumpkins - 1979,,729932506
Doja Cat - Ain't Shit,,729814681
Lou Bega - Mambo No. 5 (a Little Bit of...),,729760104
Milo j - Rara Vez,,729701934
Pink Sweat$ - At My Worst,,729638862
ThxSoMch - SPIT IN MY FACE!,,729542493
Taylor Swift - the 1,,729430879
Fuerza Regida - SABOR FRESA,,729312011
Ozuna - Dile Que Tu Me Quieres,,728720829
Bob Marley & The Wailers - Jamming,,728678376
J Balvin - Bonita,,728369981
James Hype - Ferrari,,728310119
Drake - Forever,,727945981
Green Day - 21 Guns,,727839856
Harry Styles - Lights Up,,727451819
Gera MX - Botella Tras Botella,,727432955
R3HAB - All Around The World (La La La),,727351931
Kansas - Carry on Wayward Son,,727306129
Eminem - My Name Is,,727087363
Dayglow - Can I Call You Tonight?,,727007595
Brent Faiyaz - Clouded,,726908631
Vundabar - Alien Blues,,726671566
Little Mix - Secret Love Song,,725896171
Luis Miguel - La Incondicional,,725740101
Calvin Harris - Giant,,725569307
mgk - Bad Things,,724977852
Two Feet - Go Fuck Yourself,,724972026
Queen - I Want To Break Free,,724886594
Feid - CHORRITO PA LAS ANIMAS,,724573143
XXXTENTACION - I Don't Wanna Do This Anymore,,724490929
t.A.T.u. - All The Things She Said,,724397359
Gente De Zona - La Gozadera,,724397042
Zion & Lennox - La player (Bandolera),,724286168
David Guetta - Baby Don't Hurt Me,,723871868
Gabry Ponte - Thunder,,723661338
Marshmello - Here With Me,,723515413
Drake - Marvins Room,,723406974
Imanbek - Belly Dancer,,723375570
Christian Nodal - Adiós Amor,,723347636
¥$ - CARNIVAL,,723329108
Bring Me The Horizon - Can You Feel My Heart,,723169686
Daddy Yankee - Dura,,723087211
Stevie Wonder - Superstition,,723058440
Vacations - Young,,723048346
Cheat Codes - No Promises,,723023796
Michael Marcagi - Scared To Start,,722880667
"Sofía Reyes - 1, 2, 3",,722705780
Tate McRae - exes,,722412446
Sech - Otro Trago,,722305456
Milli Hughes - Deep Phase Noise 1,,722267927
Dove Cameron - Boyfriend,,722114914
Muse - Supermassive Black Hole,,721883629
Starship - Nothing's Gonna Stop Us Now,,721603314
Thomas Rhett - Die A Happy Man,,721597237
NF - The Search,,721275453
The All-American Rejects - Gives You Hell,,721078359
Keyshia Cole - Love,,720959639
Chris Brown - Loyal,,720359212
Future - Solo,,719955561
Incubus - Drive,,719792544
grandson - Blood // Water,,719565581
J. Cole - She Knows,,719259550
Sabrina Carpenter - Bed Chem,,719203569
Beyoncé - If I Were a Boy,,718964862
Martin Garrix - Summer Days,,718760600
Three Days Grace - Animal I Have Become,,718661642
Dusty Springfield - Son of a Preacher Man,,718625869
OneRepublic - Run,,717711480
Fergie - Big Girls Don't Cry (Personal),,717663631
Carlos Baute - Colgando en tus manos (con Marta Sánchez),,717342148
Taylor Swift - Gorgeous,,717102708
Katy Perry - Part Of Me,,717029154
Gwen Stefani - Hollaback Girl,,716674573
League of Legends - Legends Never Die,,716603272
J Balvin - Rojo,,716533213
Shakira - Can't Remember to Forget You,,716482646
Plan B - Candy,,716419712
Kendrick Lamar - King Kunta,,716025535
The Paper Kites - Bloom,,715916109
Fuerza Regida - Bebe Dame,,715807663
Eddy Lover - Perdóname,,715712813
The Temper Trap - Sweet Disposition,,715545489
La Factoria - Perdóname,,715148493
Cafuné - Tek It,,715049440
Ricky Montgomery - Line Without a Hook,,714781450
Morgan Wallen - Thinkin’ Bout Me,,714764417
PARTYNEXTDOOR - Come and See Me,,714666211
Meghan Trainor - Dear Future Husband,,714332855
$uicideboy$ - Kill Yourself (Part III),,714304837
Aventura - Obsesion,,714182819
Men I Trust - Show Me How,,714075836
Troye Sivan - YOUTH,,714068987
Shania Twain - You're Still The One,,713901897
Danny Ocean - Dembow,,713825865
YOASOBI - 夜に駆ける,,713514682
Rauw Alejandro - Qué Pasaría...,,713444335
Sean Paul - Get Busy,,713404666
The Weeknd - Wicked Games,,713278784
Bad Bunny - La Corriente,,713244850
Don Omar - Salió El Sol,,713221681
NewJeans - Hype Boy,,713024119
Rick Springfield - Jessie's Girl,,713023725
Kiiara - Gold,,712994157
Alessia Cara - Here,,712765877
Bad Bunny - Una Vez,,712546552
Lil Wayne - Lollipop,,712509468
Simon & Garfunkel - Mrs. Robinson,,712507791
Paul Simon - Mrs. Robinson,,712507791
Foo Fighters - Learn to Fly,,712428242
Lil Dicky - Freaky Friday,,711858330
Piso 21 - Pa' Olvidarme De Ella,,711618872
The Vamps - All Night,,711558839
Myke Towers - LA FALDA,,711184425
Bad Bunny - Ignorantes,,711132050
Katy Perry - Harleys In Hawaii,,710833125
The Cranberries - Dreams,,710352521
Belanova - Rosa Pastel,,710315107
Flipp Dinero - Leave Me Alone,,710250609
ScHoolboy Q - Collard Greens,,710211304
Chino & Nacho - Andas En Mi Cabeza,,710049416
Lil Wayne - A Milli,,709986056
Jet - Are You Gonna Be My Girl,,709960024
Rae Sremmurd - Come Get Her,,709876250
Dua Lipa - Training Season,,709673107
Dexys Midnight Runners - Come On Eileen,,709601799
KAROL G - X SI VOLVEMOS,,709594778
Aventura - Dile al Amor,,709534942
Johnny Cash - Hurt,,709470876
Nickelback - Rockstar,,709225116
John Travolta - You're The One That I Want,,709152217
Lizzy McAlpine - ceilings,,709122397
The Beatles - Hey Jude,,708877062
Taylor Swift - Bad Blood,,708736945
Linkin Park - The Emptiness Machine,,708066823
Hailee Steinfeld - Love Myself,,708009210
Al Green - Let's Stay Together,,708007382
Mark Ambor - Belong Together,,707914289
Nio Garcia - La Jeepeta,,707848062
Sophie Ellis-Bextor - Murder On The Dancefloor,,707734551
Dwayne Johnson - You're Welcome,,707521494
Soulja Boy - Crank That (Soulja Boy),,707301142
Ricky Martin - Vente Pa' Ca,,707246301
Eminem - Houdini,,707122503
Rae Sremmurd - Swang,,706683176
Joel Adams - Please Don't Go,,706536344
Rupert Holmes - Escape (The Pina Colada Song),,706475282
Mac DeMarco - Heart To Heart,,706145874
Kina - Can We Kiss Forever?,,705961355
Sia - The Greatest,,705643761
Duke Dumont - Ocean Drive,,705384356
"Tyler, The Creator - She",,705281026
THE ANXIETY - Meet Me At Our Spot,,705193168
Eric Carmen - Hungry Eyes,,704987575
Little Mix - Black Magic,,704803445
Daft Punk - One More Time,,704554856
Coyote Theory - This Side of Paradise,,704536062
David Guetta - Say My Name,,704210758
Oliver Tree - Miss You,,704105923
G-Eazy - No Limit,,704100697
Diplo - Heartless,,704003794
Katy Perry - Wide Awake,,703878681
Foo Fighters - Best of You,,703866197
GoldLink - Crew,,703791078
U2 - One,,703323592
Shawn Mendes - I Know What You Did Last Summer,,703304328
Jarabe De Palo - La flaca,,703286340
Benson Boone - Slow It Down,,703130513
Slipknot - Psychosocial,,702908168
The Who - Baba O'Riley,,702855171
Bad Bunny - MONACO,,702556210
One Direction - You & I,,702520215
House Of Pain - Jump Around,,702414290
Luis R Conriquez - Si No Quieres No,,702251905
Kid Cudi - Pursuit Of Happiness,,702092438
Joji - Sanctuary,,702055671
Kanye West - Ghost Town,,702034343
The Human League - Don't You Want Me,,701845529
Danny Ocean - Fuera del mercado,,701771529
Lorde - Green Light,,701762724
Korn - Freak On a Leash,,701755524
Enrique Iglesias - DUELE EL CORAZON,,701704404
Disclosure - You & Me,,701635525
Mac DeMarco - For the First Time,,701286843
Simon & Garfunkel - The Sound of Silence,,701117954
Cosculluela - Madura,,700965303
One Direction - Little Things,,700701581
Bon Jovi - Always,,700510702
Daniel Powter - Bad Day,,700381686
NewJeans - Super Shy,,700238819
Ricky Montgomery - Mr. Loverman,,700142412
Auli'i Cravalho - How Far I'll Go,,700129942
Soda Stereo - De Música Ligera,,700126182
"Stevie Wonder - Signed, Sealed, Delivered (I'm Yours)",,700081201
Christian Nodal - Ya No Somos Ni Seremos,,700041233
Rema - Calm Down,,700029754
George Michael - Faith,,699825235
Jax Jones - You Don't Know Me,,699776174
Doja Cat - Get Into It (Yuh),,699696981
James TW - When You Love Someone,,699649942
Aretha Franklin - Respect,,699586560
Paulo Londra - Nena Maldición,,699307279
CYRIL - Stumblin' In,,699234542
Dean Lewis - How Do I Say Goodbye,,699205295
Various Artists -,,699205295
Cheat Codes - Sex,,698693346
Carrie Underwood - Before He Cheats,,698529736
Beyoncé - Drunk in Love,,698479362
Bad Bunny - Sensualidad,,698384540
Queen - Radio Ga Ga,,698236100
Ice Cube - You Know How We Do It,,698092725
Juice WRLD - Let Me Know (I Wonder Why Freestyle),,697921539
OneRepublic - Rescue Me,,697563324
Alan Walker - Darkside,,697429029
Lizzo - Good as Hell,,697251995
Sam Fischer - This City,,697233146
Bon Iver - Skinny Love,,697200280
Owl City - Good Time,,696933569
Rihanna - Breakin' Dishes,,696830383
ILLIT - Magnetic,,696798135
Don Henley - The Boys Of Summer,,696687834
Rihanna - What's My Name?,,696658560
Steve Lacy - Infrunami,,696539262
Nicky Jam - Hasta el Amanecer,,696375106
Tom Walker - Leave a Light On,,696340058
Marc Anthony - Vivir Mi Vida,,696205117
JAY-Z - Run This Town,,696112696
Steve Lacy - C U Girl,,696110079
Ariana Grande - breathin,,696038272
MARINA - Bubblegum Bitch,,696028637
Anitta - Envolver,,695825119
Muse - Uprising,,695768219
Two Feet - Go Fuck Yourself,,695687140
Vacations - Telephones,,695670260
